ind_code,region,pop_code,fam,fam2,index,X1C,CV_Solanum,CV_Sample,batch,ht,stemwid,numcap,numfls,dff,bench,BIOMASS,SLA
CB1-1A,NY,CB,CB1,CB.1,NA,NA,NA,NA,NA,117.3,7.1,7,0,65,A,17.8,3.619114737
CB1-1B,NY,CB,CB1,CB.1,1.49,1.93,3.43,3.2,3,97.5,5.7,31,0,62,B,16.7,3.619114737
CB1-1C,NY,CB,CB1,CB.1,1.476,1.91,2.76,2.29,3,100.4,6.2,1,0,NA,C,10,5.322227554
CB1-2B,NY,CB,CB1,CB.1,NA,NA,NA,NA,NA,NA,NA,NA,NA,NA,B,9.7,3.769911184
CB1-2C,NY,CB,CB1,CB.1,1.499,1.94,3.44,2.25,3,112.1,6,21,0,NA,C,15.5,3.933820366
CB1-3A,NY,CB,CB1,CB.1,NA,NA,NA,NA,NA,121.3,9.45,2,0,73,A,14.4,4.89069559
CB12-1B,NY,CB,CB12,CB.12,1.482,1.92,3.48,3.29,3,NA,NA,NA,NA,NA,B,7.1,3.933820366
CB12-1C,NY,CB,CB12,CB.12,NA,NA,NA,NA,NA,103.7,5.34,18,0,NA,C,14.6,2.154234962
CB12-2A,NY,CB,CB12,CB.12,1.484,1.92,2.83,2.59,1,129.1,5.5,26,0,63,A,16.4,3.769911184
CB12-2B,NY,CB,CB12,CB.12,1.454,1.88,3.37,2.66,4,93.2,6.22,24,8,53,B,18.8,2.54867235
CB12-2C,NY,CB,CB12,CB.12,NA,NA,NA,NA,NA,70.5,5.12,1,0,NA,C,6.6,4.413554557
CB12-3A,NY,CB,CB12,CB.12,NA,NA,NA,NA,NA,NA,NA,NA,NA,NA,A,5.1,4.89069559
CB14-1A,NY,CB,CB14,CB.14,1.506,1.95,2.89,2.72,1,128.8,6.31,22,0,61,A,28,2.445347795
CB14-1B,NY,CB,CB14,CB.14,NA,NA,NA,NA,NA,122.4,6.9,3,0,NA,B,18.6,2.622546911
CB14-1C,NY,CB,CB14,CB.14,1.486,1.92,3.3,2.51,4,104.5,6.5,17,0,67,C,21,2.412743158
CB14-2B,NY,CB,CB14,CB.14,NA,NA,NA,NA,NA,107.8,8.2,27,0,53,B,19.8,2.010619298
CB14-2C,NY,CB,CB14,CB.14,1.518,1.97,2.8,2.24,3,NA,NA,NA,NA,NA,C,5.9,4.468042885
CB2-1B,NY,CB,CB2,CB.2,NA,NA,NA,NA,NA,102,7.1,15,0,62,B,14.9,3.414259186
CB2-1C,NY,CB,CB2,CB.2,NA,NA,NA,NA,NA,98,6.36,24,0,62,C,17,3.619114737
CB2-2A,NY,CB,CB2,CB.2,NA,NA,NA,NA,NA,151.4,6.79,13,0,63,A,23.3,2.154234962
CB2-2B,NY,CB,CB2,CB.2,NA,NA,NA,NA,NA,NA,NA,NA,NA,NA,B,11.7,3.015928947
CB2-2C,NY,CB,CB2,CB.2,1.466,1.9,2.67,2.34,3,105.6,6.61,12,0,NA,C,9.1,4.308469925
CB2-3A,NY,CB,CB2,CB.2,1.615,2.09,3.11,3.9,1,139,6.1,20,0,59,A,14,3.290104306
CB21-1A,NY,CB,CB21,CB.21,NA,NA,NA,NA,NA,NA,NA,NA,NA,NA,A,6.5,2.585081955
CB21-1B,NY,CB,CB21,CB.21,1.492,1.93,2.51,2.67,4,NA,NA,NA,NA,NA,B,8.7,4.308469925
CB21-1C,NY,CB,CB21,CB.21,NA,NA,NA,NA,NA,100,6.08,20,0,63,C,22.9,2.918640917
CB21-2A,NY,CB,CB21,CB.21,1.501,1.94,3.46,2.99,1,NA,NA,NA,NA,NA,A,4.3,4.639890688
CB21-2B,NY,CB,CB21,CB.21,1.479,1.92,2.95,2.67,4,85,5.58,24,2,57,B,14.1,3.067046387
CB21-3C,NY,CB,CB21,CB.21,NA,NA,NA,NA,NA,NA,NA,NA,NA,NA,C,11,3.850122061
CB4-1A,NY,CB,CB4,CB.4,1.498,1.94,3.11,3.06,1,120.3,7.1,31,0,62,A,21.6,2.872313283
CB4-1B,NY,CB,CB4,CB.4,1.493,1.93,3.34,3.59,2,103.7,5.92,20,2,52,B,13.8,2.056315191
CB4-1C,NY,CB,CB4,CB.4,1.426,1.85,3.2,2.73,4,113.7,5.6,10,0,71,C,19.2,3.067046387
CB4-2A,NY,CB,CB4,CB.4,NA,NA,NA,NA,NA,101.3,5.72,20,0,63,A,16,1.988524581
CB4-2C,NY,CB,CB4,CB.4,NA,NA,NA,NA,NA,128.2,6.51,17,0,65,C,18.3,3.548151703
CB4-3A,NY,CB,CB4,CB.4,NA,NA,NA,NA,NA,86.5,6.92,0,0,NA,A,6.3,3.479918016
CB5-1A,NY,CB,CB5,CB.5,NA,NA,NA,NA,NA,116.7,9.18,9,0,73,A,12.1,4.112630383
CB5-1B,NY,CB,CB5,CB.5,1.476,1.91,2.97,2.51,4,110.5,5.6,26,3,58,B,21,3.351032164
CB5-1C,NY,CB,CB5,CB.5,NA,NA,NA,NA,NA,103.4,5.23,31,1,56,C,17.1,2.700831893
CB5-2A,NY,CB,CB5,CB.5,1.503,1.95,3.47,3.33,1,103.8,6.41,4,0,73,A,16.2,3.850122061
CB5-2B,NY,CB,CB5,CB.5,1.491,1.93,2.62,2.49,2,109.5,6.4,11,0,69,B,18.7,2.513274123
CB5-2C,NY,CB,CB5,CB.5,NA,NA,NA,NA,NA,98.3,6.26,22,0,60,C,15.9,4.112630383
CB7-1A,NY,CB,CB7,CB.7,NA,NA,NA,NA,NA,109.1,6.85,3,0,NA,A,15.1,4.89069559
CB7-1B,NY,CB,CB7,CB.7,1.509,1.95,2.76,2.68,2,87.5,9.47,38,0,58,B,26.2,2.622546911
CB7-1C,NY,CB,CB7,CB.7,NA,NA,NA,NA,NA,104.5,5.49,31,1,57,C,17.8,2.585081955
CB7-2B,NY,CB,CB7,CB.7,1.473,1.91,2.76,2.59,2,115.6,6.8,35,0,63,B,15.5,2.741753589
CB7-2C,NY,CB,CB7,CB.7,1.481,1.92,3.04,2.32,3,94.2,5.52,14,0,62,C,11.5,5.17016391
CB7-3A,NY,CB,CB7,CB.7,NA,NA,NA,NA,NA,110.6,11.59,34,1,61,A,19.1,2.154234962
CB8-1B,NY,CB,CB8,CB.8,1.486,1.92,2.77,2.18,2,118.4,6.35,17,0,65,B,17.6,2.154234962
CB8-1C,NY,CB,CB8,CB.8,NA,NA,NA,NA,NA,110.5,4.75,9,0,NA,C,6.5,4.112630383
CB8-2A,NY,CB,CB8,CB.8,NA,NA,NA,NA,NA,98.7,7.93,9,0,68,A,8,5.322227554
CB8-2B,NY,CB,CB8,CB.8,1.487,1.93,3.65,2.72,4,141,8.77,33,1,60,B,15.6,1.961579803
CB8-2C,NY,CB,CB8,CB.8,NA,NA,NA,NA,NA,NA,NA,NA,NA,NA,C,0.5,3.351032164
CB8-3A,NY,CB,CB8,CB.8,1.513,1.96,3.17,2.54,1,116.2,6.8,3,0,NA,A,16.9,3.692974221
CB9-1A,NY,CB,CB9,CB.9,NA,NA,NA,NA,NA,97.7,6.73,11,0,68,A,20.9,3.015928947
CB9-1B,NY,CB,CB9,CB.9,1.489,1.93,2.54,2.28,2,94.2,5.9,31,1,57,B,19.4,2.700831893
CB9-1C,NY,CB,CB9,CB.9,1.505,1.95,3.36,2.92,4,72.4,5.34,40,3,56,C,14.2,2.661113777
CB9-2B,NY,CB,CB9,CB.9,1.491,1.93,3.34,2.83,4,90,5.5,17,0,NA,B,12.7,3.619114737
CB9-2C,NY,CB,CB9,CB.9,NA,NA,NA,NA,NA,100,6.04,38,0,63,C,20.5,3.015928947
CB9-3A,NY,CB,CB9,CB.9,NA,NA,NA,NA,NA,99.8,7.26,10,0,66,A,8.7,4.761993075
CH1-1A,VT,CH,CH1,CH.1,NA,NA,NA,NA,NA,90.1,4.9,14,0,54,A,8,3.619114737
CH1-1B,VT,CH,CH1,CH.1,1.45,1.88,3.35,3.3,4,NA,NA,NA,NA,62,B,13.3,3.231352444
CH1-1C,VT,CH,CH1,CH.1,1.486,1.92,2.47,2.12,3,NA,NA,NA,NA,NA,C,8,3.351032164
CH1-2A,VT,CH,CH1,CH.1,NA,NA,NA,NA,NA,88.4,6.76,5,0,70,A,12.3,3.548151703
CH1-2B,VT,CH,CH1,CH.1,NA,NA,NA,NA,NA,85.2,5.92,14,0,53,B,13.1,3.769911184
CH1-2C,VT,CH,CH1,CH.1,1.448,1.88,2.5,2.03,3,NA,NA,NA,NA,NA,C,6.7,3.351032164
CH12-1A,VT,CH,CH12,CH.12,1.458,1.89,3.3,3.55,1,69.3,4.7,10,0,NA,A,8.9,4.89069559
CH12-1C,VT,CH,CH12,CH.12,NA,NA,NA,NA,NA,72,5,12,4,55,C,10.1,3.769911184
CH12-2B,VT,CH,CH12,CH.12,NA,NA,NA,NA,NA,59,4.78,22,13,49,B,13.1,4.021238597
CH12-2C,VT,CH,CH12,CH.12,1.455,1.88,2.88,2.57,3,58,4.62,18,12,47,C,12.8,3.933820366
CH12-3B,VT,CH,CH12,CH.12,NA,NA,NA,NA,NA,85.2,5.89,16,4,52,B,14.8,2.783934413
CH12-3C,VT,CH,CH12,CH.12,1.477,1.91,2.69,2.18,3,80.3,6.33,28,2,54,C,22.6,1.90479723
CH15-1A,VT,CH,CH15,CH.15,NA,NA,NA,NA,NA,67.9,4.59,19,3,53,A,14.8,3.769911184
CH15-1B,VT,CH,CH15,CH.15,NA,NA,NA,NA,NA,93.1,5.28,18,4,51,B,17.5,3.479918016
CH15-1C,VT,CH,CH15,CH.15,1.44,1.86,3.44,3.26,3,68.5,4.45,11,2,61,C,12,3.692974221
CH15-2B,VT,CH,CH15,CH.15,1.475,1.91,3.22,2.41,2,56.4,4.9,20,7,51,B,13.3,3.619114737
CH15-2C,VT,CH,CH15,CH.15,1.477,1.91,2.26,2.12,1,54.5,6.55,34,16,43,C,19.2,2.513274123
CH15-3A,VT,CH,CH15,CH.15,NA,NA,NA,NA,NA,80.5,5.91,11,1,60,A,8.1,3.351032164
CH17-1B,VT,CH,CH17,CH.17,1.468,1.9,2.72,4.12,2,57.2,4.5,1,0,NA,B,4.6,4.112630383
CH17-1C,VT,CH,CH17,CH.17,NA,NA,NA,NA,NA,NA,NA,NA,NA,NA,C,7.1,NA
CH17-2A,VT,CH,CH17,CH.17,NA,NA,NA,NA,NA,48.2,4.8,18,5,53,A,13,2.261946711
CH17-2B,VT,CH,CH17,CH.17,1.459,1.89,2.71,2.46,2,83.5,4.99,11,1,58,B,11,3.769911184
CH17-2C,VT,CH,CH17,CH.17,1.455,1.88,3.47,3.09,3,61,6.24,12,7,49,C,11.8,3.231352444
CH17-3A,VT,CH,CH17,CH.17,NA,NA,NA,NA,NA,NA,NA,NA,NA,NA,A,3,3.479918016
CH2-1B,VT,CH,CH2,CH.2,NA,NA,NA,NA,NA,61.5,7.07,28,13,49,B,19.2,3.015928947
CH2-1C,VT,CH,CH2,CH.2,1.438,1.86,2.58,2.22,3,75.1,5.99,25,7,49,C,19.1,2.700831893
CH2-2A,VT,CH,CH2,CH.2,NA,NA,NA,NA,NA,NA,NA,NA,NA,NA,A,7.5,1.774075851
CH2-2B,VT,CH,CH2,CH.2,1.441,1.87,3.18,2.76,4,86.3,5.74,15,1,58,B,10.8,3.414259186
CH2-2C,VT,CH,CH2,CH.2,1.458,1.89,3.63,2.83,3,NA,NA,NA,NA,NA,C,7.2,2.783934413
CH2-3A,VT,CH,CH2,CH.2,1.46,1.89,3.07,3.78,1,NA,NA,NA,NA,NA,A,5.2,3.351032164
CH5-1A,VT,CH,CH5,CH.5,1.441,1.87,4.07,3.29,1,NA,NA,NA,NA,NA,A,8.2,4.639890688
CH5-1B,VT,CH,CH5,CH.5,1.449,1.88,3.5,2.65,4,83.2,5.62,10,3,62,B,17.4,3.479918016
CH5-1C,VT,CH,CH5,CH.5,1.463,1.89,3.29,2.43,4,50.7,4.3,13,5,44,C,12.9,2.206777279
CH5-2C,VT,CH,CH5,CH.5,NA,NA,NA,NA,NA,46,3.87,2,0,NA,C,3.5,4.523893421
CH5-3B,VT,CH,CH5,CH.5,NA,NA,NA,NA,NA,69.1,4.73,8,7,NA,B,9.2,2.513274123
CH5-3C,VT,CH,CH5,CH.5,1.459,1.89,3.38,2.59,4,NA,NA,NA,NA,NA,C,11.5,2.47884571
CH6-1A,VT,CH,CH6,CH.6,NA,NA,NA,NA,NA,89.4,5.29,17,1,57,A,11.5,3.850122061
CH6-1B,VT,CH,CH6,CH.6,1.476,1.91,2.96,2.42,3,64,5.18,19,11,46,B,11.6,2.814867018
CH6-1C,VT,CH,CH6,CH.6,NA,NA,NA,NA,NA,73.6,5.63,17,3,51,C,11.2,4.112630383
CH6-2B,VT,CH,CH6,CH.6,NA,NA,NA,NA,NA,98.5,5.06,17,12,46,B,12.6,2.783934413
CH6-2C,VT,CH,CH6,CH.6,1.46,1.89,3.19,2.41,3,58.3,4.51,27,12,47,C,10.5,4.413554557
CH6-3B,VT,CH,CH6,CH.6,1.448,1.88,2.99,2.24,4,63.8,4.6,20,10,42,B,12,2.966487489
CH7-1A,VT,CH,CH7,CH.7,NA,NA,NA,NA,NA,85.4,3.3,15,0,49,A,11.5,4.021238597
CH7-1B,VT,CH,CH7,CH.7,1.463,1.89,2.69,2.32,3,51.4,3.86,10,8,42,B,6.7,3.414259186
CH7-2B,VT,CH,CH7,CH.7,1.473,1.91,2.8,2.7,3,64.8,5.12,9,5,50,B,11,3.119926497
CH7-2C,VT,CH,CH7,CH.7,1.461,1.89,2.92,2.79,2,48.1,3.09,1,0,NA,C,1.9,2.445347795
CH7-3C,VT,CH,CH7,CH.7,NA,NA,NA,NA,NA,56.9,7.27,13,3,51,C,9.6,3.548151703
CH7-4C,VT,CH,CH7,CH.7,NA,NA,NA,NA,NA,64.5,3.9,15,2,55,C,11.7,4.308469925
CH8B-1A,VT,CH,CH8B,CH.8B,NA,NA,NA,NA,NA,53.4,3.68,13,5,40,A,8.3,2.726263455
CH8B-1B,VT,CH,CH8B,CH.8B,1.467,1.9,3.15,2.77,2,70,5,28,13,45,B,17.9,2.622546911
CH8B-1C,VT,CH,CH8B,CH.8B,NA,NA,NA,NA,NA,NA,NA,NA,NA,NA,C,6.5,4.761993075
CH8B-2B,VT,CH,CH8B,CH.8B,1.472,1.91,2.8,2.36,2,57.1,5.44,21,12,42,B,11.5,2.872313283
CH8B-2C,VT,CH,CH8B,CH.8B,1.463,1.89,2.87,2.01,3,63,3.8,31,14,47,C,15.9,2.290578947
CH8B-3C,VT,CH,CH8B,CH.8B,NA,NA,NA,NA,NA,53.9,3.85,24,8,NA,C,13.7,3.619114737
CO1-1A,NY,CO,CO1,CO.1,1.494,1.93,3.19,3.15,1,107.5,5.7,35,1,65,A,19.5,5.026548246
CO1-1B,NY,CO,CO1,CO.1,1.482,1.92,3.26,2.99,2,35.2,3.84,3,0,NA,B,3.2,5.026548246
CO1-1C,NY,CO,CO1,CO.1,NA,NA,NA,NA,NA,85.9,5,33,1,55,C,16,3.067046387
CO1-2A,NY,CO,CO1,CO.1,NA,NA,NA,NA,NA,NA,NA,NA,NA,NA,A,5.8,3.769911184
CO1-2B,NY,CO,CO1,CO.1,1.515,1.96,2.78,3.35,2,110.4,5.22,22,0,57,B,17.7,3.548151703
CO1-3A,NY,CO,CO1,CO.1,NA,NA,NA,NA,NA,NA,NA,NA,NA,NA,A,7.5,4.021238597
CO11-1A,NY,CO,CO11,CO.11,NA,NA,NA,NA,NA,86.5,5.32,12,0,NA,A,10.4,4.308469925
CO11-1B,NY,CO,CO11,CO.11,NA,NA,NA,NA,NA,97.5,5.2,19,0,56,B,17.1,4.89069559
CO11-1C,NY,CO,CO11,CO.11,1.519,1.97,2.74,2.65,3,84.2,4.35,11,0,63,C,6,4.89069559
CO11-2A,NY,CO,CO11,CO.11,NA,NA,NA,NA,NA,77,3.73,5,0,73,A,8.2,5.322227554
CO11-2B,NY,CO,CO11,CO.11,NA,NA,NA,NA,NA,100.02,6.7,3,0,NA,B,11.3,3.414259186
CO11-2C,NY,CO,CO11,CO.11,1.512,1.96,2.72,2.09,3,NA,NA,NA,NA,NA,C,1.8,4.413554557
CO11-3A,NY,CO,CO11,CO.11,NA,NA,NA,NA,NA,89,7.62,0,0,NA,A,6.1,4.468042885
CO12-1A,NY,CO,CO12,CO.12,1.501,1.94,3.1,2.83,1,96,7.9,22,0,63,A,12.2,4.413554557
CO12-1C,NY,CO,CO12,CO.12,NA,NA,NA,NA,NA,68.4,5.1,1,0,NA,C,3.9,5.654866776
CO12-2A,NY,CO,CO12,CO.12,1.485,1.92,2.73,2.44,1,84.8,7.38,2,0,68,A,6.7,5.837281834
CO12-2B,NY,CO,CO12,CO.12,NA,NA,NA,NA,NA,73.2,7.6,1,0,NA,B,3.4,6.462704887
CO12-2C,NY,CO,CO12,CO.12,1.473,1.91,4.01,3.07,3,67,5.62,2,0,NA,C,4,4.89069559
CO13-1A,NY,CO,CO13,CO.13,NA,NA,NA,NA,NA,112.1,7.1,12,0,61,A,16.5,2.783934413
CO13-1B,NY,CO,CO13,CO.13,NA,NA,NA,NA,NA,106.5,6.88,33,0,60,B,22.4,3.015928947
CO13-1C,NY,CO,CO13,CO.13,1.499,1.94,2.73,2.05,3,74.5,5.6,27,2,49,C,10.4,3.692974221
CO13-2A,NY,CO,CO13,CO.13,NA,NA,NA,NA,NA,82,6.7,30,4,53,A,14.6,4.413554557
CO13-2B,NY,CO,CO13,CO.13,1.495,1.94,3.5,2.89,2,113.5,6.27,0,0,63,B,20.6,3.119926497
CO13-2C,NY,CO,CO13,CO.13,NA,NA,NA,NA,NA,83.1,5.37,2,0,NA,C,5.4,3.619114737
CO13-3A,NY,CO,CO13,CO.13,1.514,1.96,3.3,2.56,1,89.7,6.08,33,4,53,A,16.5,4.761993075
CO14-1A,NY,CO,CO14,CO.14,1.527,1.98,3.06,4.03,1,93.8,5.26,43,1,59,A,14.4,3.933820366
CO14-1B,NY,CO,CO14,CO.14,NA,NA,NA,NA,NA,110,8,41,3,53,B,27.1,1.72338797
CO14-1C,NY,CO,CO14,CO.14,1.516,1.96,3.1,3.06,4,58.9,3.73,1,0,NA,C,6.6,4.308469925
CO14-2A,NY,CO,CO14,CO.14,1.529,1.98,2.99,2.63,1,96.4,7.23,36,2,57,A,22.9,2.513274123
CO14-2B,NY,CO,CO14,CO.14,NA,NA,NA,NA,NA,81.5,6.89,22,5,50,B,18,2.622546911
CO14-2C,NY,CO,CO14,CO.14,NA,NA,NA,NA,NA,80.6,4.32,32,1,56,C,15.3,3.351032164
CO14-3A,NY,CO,CO14,CO.14,1.499,1.94,2.9,2.69,1,85.2,9.74,21,0,54,A,11.9,3.290104306
CO2-1A,NY,CO,CO2,CO.2,NA,NA,NA,NA,NA,92.1,5.6,26,1,57,A,14.1,3.619114737
CO2-1B,NY,CO,CO2,CO.2,1.558,2.02,3.22,2.94,4,71.8,4.8,32,20,49,B,19.4,3.290104306
CO2-1C,NY,CO,CO2,CO.2,1.55,2.01,3.29,2.71,4,100,5.59,17,1,61,C,11.3,3.479918016
CO2-2A,NY,CO,CO2,CO.2,NA,NA,NA,NA,NA,110.5,6.6,23,0,61,A,15.4,5.026548246
CO2-2B,NY,CO,CO2,CO.2,1.504,1.95,3.44,2.86,2,56.2,5.49,7,0,70,B,3.7,4.523893421
CO2-3A,NY,CO,CO2,CO.2,NA,NA,NA,NA,NA,97.8,6.2,22,0,61,A,13.7,3.850122061
CO4-1A,NY,CO,CO4,CO.4,1.486,1.92,2.49,2.01,2,110.5,5.55,21,0,66,A,13,4.308469925
CO4-1B,NY,CO,CO4,CO.4,1.516,1.96,2.81,2.4,4,105,6.6,29,0,60,B,15.9,5.17016391
CO4-1C,NY,CO,CO4,CO.4,NA,NA,NA,NA,NA,73.2,4.98,29,1,49,C,13.2,4.413554557
CO4-2A,NY,CO,CO4,CO.4,NA,NA,NA,NA,NA,98,6.95,19,0,59,A,7.7,5.026548246
CO4-2C,NY,CO,CO4,CO.4,1.496,1.94,3.32,2.52,4,86.6,4.7,41,3,56,C,15,3.769911184
CO4-3A,NY,CO,CO4,CO.4,1.508,1.95,2.69,2.32,1,102.6,5.34,46,2,56,A,24.7,4.20827295
CO4-3C,NY,CO,CO4,CO.4,1.497,1.94,2.61,2.32,3,111.5,6.1,24,2,56,C,12.2,3.619114737
CO6-1A,NY,CO,CO6,CO.6,NA,NA,NA,NA,NA,89.8,6.29,38,3,54,A,21.7,2.206777279
CO6-1C,NY,CO,CO6,CO.6,1.527,1.98,3.15,2.8,3,76.2,4.65,1,0,NA,C,10.2,3.548151703
CO6-2A,NY,CO,CO6,CO.6,NA,NA,NA,NA,NA,92.3,5.1,20,1,57,A,11.1,3.769911184
CO6-2B,NY,CO,CO6,CO.6,1.492,1.93,3.24,2.57,2,91.2,5,25,8,49,B,15.8,3.414259186
CO6-2C,NY,CO,CO6,CO.6,1.515,1.96,3.63,2.65,4,11.4,6.3,28,2,63,C,18.3,2.966487489
CO6-3A,NY,CO,CO6,CO.6,NA,NA,NA,NA,NA,98.5,7.35,22,0,61,A,12,4.021238597
CO8-1A,NY,CO,CO8,CO.8,NA,NA,NA,NA,NA,115.7,6.8,23,0,NA,A,16,3.548151703
CO8-1B,NY,CO,CO8,CO.8,1.502,1.95,2.51,2.23,2,98.7,5.2,57,0,60,B,24.1,3.015928947
CO8-2A,NY,CO,CO8,CO.8,NA,NA,NA,NA,NA,123.8,5.79,17,0,61,A,11.6,4.761993075
CO8-2B,NY,CO,CO8,CO.8,1.518,1.97,2.52,2.61,2,104.8,7.2,35,0,58,B,19.9,2.872313283
CO8-3A,NY,CO,CO8,CO.8,NA,NA,NA,NA,NA,97.5,6,20,0,65,A,14.2,3.769911184
CO9-1A,NY,CO,CO9,CO.9,NA,NA,NA,NA,NA,86,6.2,35,7,60,A,13.3,4.523893421
CO9-1C,NY,CO,CO9,CO.9,1.6,2.07,2.04,3.52,3,NA,NA,NA,NA,NA,C,3.3,4.112630383
CO9-2A,NY,CO,CO9,CO.9,NA,NA,NA,NA,NA,103.4,5.69,10,0,61,A,7.5,4.89069559
CO9-2C,NY,CO,CO9,CO.9,1.509,1.95,2.89,2.49,3,91,4.66,13,0,57,C,7.8,3.692974221
CO9-3A,NY,CO,CO9,CO.9,NA,NA,NA,NA,NA,88.4,5.28,31,3,54,A,15.7,1.966910183
DF10-1A,VT,DF,DF10,DF.10,NA,NA,NA,NA,NA,70.1,6.5,15,5,54,A,8.4,3.067046387
DF10-1C,VT,DF,DF10,DF.10,NA,NA,NA,NA,NA,65.4,4.3,9,9,49,C,8,3.769911184
DF10-2A,VT,DF,DF10,DF.10,NA,NA,NA,NA,NA,43.2,4.39,14,9,45,A,7.3,3.067046387
DF10-2B,VT,DF,DF10,DF.10,1.456,1.89,3.16,2.62,2,58,6.53,18,12,49,B,10.3,3.290104306
DF10-2C,VT,DF,DF10,DF.10,1.466,1.9,3.94,3.06,4,44,4.49,22,12,NA,C,8.8,2.661113777
DF10-3A,VT,DF,DF10,DF.10,NA,NA,NA,NA,NA,62,5,2,0,NA,A,2.4,4.761993075
DF11-1A,VT,DF,DF11,DF.11,NA,NA,NA,NA,NA,67.7,5.53,15,5,53,A,10.5,2.783934413
DF11-1B,VT,DF,DF11,DF.11,1.459,1.89,3.53,3.16,2,69.8,5.4,6,0,62,B,5,4.308469925
DF11-1C,VT,DF,DF11,DF.11,NA,NA,NA,NA,NA,58.9,5.44,19,6,52,C,8.3,3.067046387
DF11-2A,VT,DF,DF11,DF.11,NA,NA,NA,NA,NA,59.7,3.87,6,0,61,A,2,3.933820366
DF11-2C,VT,DF,DF11,DF.11,NA,NA,NA,NA,NA,42,5,8,0,54,C,4.9,3.692974221
DF11-3B,VT,DF,DF11,DF.11,1.487,1.93,3.36,3.09,4,59,6.39,12,7,19,B,6.6,2.380996537
DF12-1A,VT,DF,DF12,DF.12,NA,NA,NA,NA,NA,51.2,4.69,13,6,52,A,6.1,5.483507177
DF12-1B,VT,DF,DF12,DF.12,1.482,1.92,3.08,3.19,3,49,5.5,21,9,51,B,9.3,2.966487489
DF12-1C,VT,DF,DF12,DF.12,1.449,1.88,2.87,2.6,3,52.2,5.04,9,3,51,C,6.9,3.119926497
DF12-2B,VT,DF,DF12,DF.12,NA,NA,NA,NA,NA,64.5,5.57,15,8,53,B,11.1,2.513274123
DF12-2C,VT,DF,DF12,DF.12,1.449,1.88,2.65,2.52,3,69.5,5.83,11,9,48,C,9.7,2.180189601
DF12-4C,VT,DF,DF12,DF.12,1.531,1.98,3.22,3.06,3,61.5,5.3,10,5,NA,C,7.8,2.010619298
DF13-1A,VT,DF,DF13,DF.13,1.456,1.89,2.8,2.5,1,74,4.92,10,4,54,A,10.2,2.918640917
DF13-1B,VT,DF,DF13,DF.13,1.455,1.88,2.96,2.58,4,62.3,5.53,13,8,50,B,10.7,2.741753589
DF13-1C,VT,DF,DF13,DF.13,NA,NA,NA,NA,NA,66.2,4.53,15,12,51,C,10.1,2.783934413
DF13-2A,VT,DF,DF13,DF.13,NA,NA,NA,NA,NA,65.2,6.18,13,6,52,A,8.6,2.104136475
DF13-2B,VT,DF,DF13,DF.13,1.456,1.89,3.25,3.03,3,70.2,6.18,29,9,54,B,13.5,2.234021443
DF13-3A,VT,DF,DF13,DF.13,NA,NA,NA,NA,NA,65.7,5.42,21,12,49,A,11.3,2.445347795
DF13-3B,VT,DF,DF13,DF.13,NA,NA,NA,NA,NA,58.4,7.39,12,2,58,B,10.4,2.872313283
DF16-1A,VT,DF,DF16,DF.16,NA,NA,NA,NA,NA,79,7.23,10,5,53,A,8.1,4.021238597
DF16-1B,VT,DF,DF16,DF.16,1.449,1.88,3.24,2.3,4,38,4.5,10,8,45,B,4.5,4.112630383
DF16-1C,VT,DF,DF16,DF.16,NA,NA,NA,NA,NA,54,4.12,8,8,48,C,6,3.067046387
DF16-2A,VT,DF,DF16,DF.16,1.479,1.92,3.74,3.31,1,45,7.9,13,5,47,A,5.9,4.468042885
DF16-2B,VT,DF,DF16,DF.16,1.486,1.92,3.34,2.62,4,53.3,5.35,11,10,46,B,9.6,2.918640917
DF16-3A,VT,DF,DF16,DF.16,1.484,1.92,2.81,3.48,1,52,5.19,11,7,53,A,9.9,4.021238597
DF19-1A,VT,DF,DF19,DF.19,NA,NA,NA,NA,NA,76.6,5.36,6,0,66,A,4.4,3.414259186
DF19-1C,VT,DF,DF19,DF.19,NA,NA,NA,NA,NA,42.5,3.86,7,0,NA,C,3.2,4.021238597
DF19-2A,VT,DF,DF19,DF.19,1.464,1.9,4.44,3.69,1,97.1,8.32,8,0,68,A,10.4,4.021238597
DF19-2B,VT,DF,DF19,DF.19,1.459,1.89,2.86,2.62,4,44,5.39,1,0,NA,B,1.9,5.654866776
DF19-2C,VT,DF,DF19,DF.19,1.445,1.87,2.92,2.4,4,59.5,4.1,30,12,52,C,9.4,4.021238597
DF19-3A,VT,DF,DF19,DF.19,NA,NA,NA,NA,NA,60.5,4.8,10,0,72,A,5.1,3.479918016
DF22-1A,VT,DF,DF22,DF.22,NA,NA,NA,NA,NA,68.1,9.44,30,9,53,A,15.1,3.067046387
DF22-1B,VT,DF,DF22,DF.22,1.451,1.88,3.56,2.96,4,71.7,4.74,17,12,63,B,21.5,3.015928947
DF22-1C,VT,DF,DF22,DF.22,1.473,1.91,3.26,3.35,3,59.2,4.57,16,9,48,C,9.7,2.700831893
DF22-2A,VT,DF,DF22,DF.22,NA,NA,NA,NA,NA,47.3,8.16,24,9,47,A,8.3,3.479918016
DF22-2B,VT,DF,DF22,DF.22,1.452,1.88,3.69,3.12,4,66.5,4.53,22,19,49,B,17.5,3.17466205
DF22-2C,VT,DF,DF22,DF.22,NA,NA,NA,NA,NA,50.4,5.9,23,9,47,C,11.5,3.290104306
DF30-1A,VT,DF,DF30,DF.30,1.461,1.89,3.5,3.27,3,71.7,13.22,34,14,51,A,15,3.290104306
DF30-1C,VT,DF,DF30,DF.30,NA,NA,NA,NA,NA,79.8,5.3,21,4,52,C,15,2.700831893
DF30-2A,VT,DF,DF30,DF.30,1.465,1.9,3.04,2.56,1,71.8,4.96,16,9,47,A,11.1,4.021238597
DF30-2C,VT,DF,DF30,DF.30,1.468,1.9,3.19,3.04,4,75.3,4.45,16,2,63,C,11,4.021238597
DF30-3C,VT,DF,DF30,DF.30,1.457,1.89,3.12,2.65,4,57.5,3.39,19,11,47,C,9.5,3.692974221
FC11-1B,VT,FC,FC11,FC.11,NA,NA,NA,NA,NA,NA,NA,NA,NA,49,B,1.2,3.351032164
FC11-1C,VT,FC,FC11,FC.11,NA,NA,NA,NA,NA,25.3,2.8,8,0,43,C,3.2,3.231352444
FC11-2A,VT,FC,FC11,FC.11,1.447,1.87,3.35,2.53,1,58.1,4.48,8,5,52,A,5.6,4.112630383
FC11-2B,VT,FC,FC11,FC.11,1.419,1.84,4.31,3.25,4,46,4.63,12,6,42,B,4.9,4.021238597
FC11-2C,VT,FC,FC11,FC.11,1.464,1.9,3.72,2.78,4,33.9,3.3,9,5,43,C,1.4,3.231352444
FC11-3A,VT,FC,FC11,FC.11,NA,NA,NA,NA,NA,54.4,6.91,24,11,45,A,13.8,2.206777279
FC13-1A,VT,FC,FC13,FC.13,NA,NA,NA,NA,NA,64.6,8.64,21,10,51,A,8.8,3.548151703
FC13-1B,VT,FC,FC13,FC.13,1.45,1.88,3.4,2.35,4,56.8,4.45,18,0,46,B,10,2.206777279
FC13-1C,VT,FC,FC13,FC.13,NA,NA,NA,NA,NA,64.6,4.44,21,5,52,C,14,3.619114737
FC13-2A,VT,FC,FC13,FC.13,NA,NA,NA,NA,NA,60.2,5.3,14,9,47,A,7.6,3.17466205
FC13-2B,VT,FC,FC13,FC.13,1.457,1.89,3.45,2.81,4,NA,NA,NA,NA,NA,B,NA,NA
FC13-3A,VT,FC,FC13,FC.13,1.476,1.91,2.78,2.3,1,78.3,9.67,9,0,66,A,10.3,4.021238597
FC18-1A,VT,FC,FC18,FC.18,NA,NA,NA,NA,NA,74,6,8,5,54,A,7.2,3.692974221
FC18-1B,VT,FC,FC18,FC.18,NA,NA,NA,NA,NA,57.5,5.4,16,14,48,B,17.2,2.319945344
FC18-1C,VT,FC,FC18,FC.18,NA,NA,NA,NA,NA,NA,NA,NA,NA,NA,C,11.1,3.290104306
FC18-2B,VT,FC,FC18,FC.18,NA,NA,NA,NA,NA,56,3.96,27,18,43,B,12.2,2.445347795
FC18-3A,VT,FC,FC18,FC.18,1.49,1.93,2.88,3.09,1,NA,NA,NA,NA,NA,A,11.1,3.17466205
FC18-3B,VT,FC,FC18,FC.18,1.465,1.9,3.18,2.94,3,48.7,3.87,6,1,54,B,10.9,3.933820366
FC19-1A,VT,FC,FC19,FC.19,NA,NA,NA,NA,NA,75.7,4.9,10,9,52,A,5.7,3.619114737
FC19-1B,VT,FC,FC19,FC.19,1.448,1.88,3.36,2.83,4,63.2,5,14,9,50,B,8.3,3.548151703
FC19-1C,VT,FC,FC19,FC.19,1.452,1.88,2.38,2.27,3,47.9,4.73,23,21,46,C,13.6,2.741753589
FC19-2A,VT,FC,FC19,FC.19,NA,NA,NA,NA,NA,56,4.24,14,12,45,A,7.2,3.548151703
FC19-2B,VT,FC,FC19,FC.19,NA,NA,NA,NA,NA,74.3,5.77,7,5,52,B,6.6,2.290578947
FC19-2C,VT,FC,FC19,FC.19,1.457,1.89,4.08,3.09,3,69.5,4.48,17,12,46,C,10.8,2.412743158
FC2-1B,VT,FC,FC2,FC.2,1.453,1.88,3.34,2.42,2,63.4,4.8,12,6,42,B,11.5,2.585081955
FC2-1C,VT,FC,FC2,FC.2,NA,NA,NA,NA,NA,49,5.94,10,9,46,C,5.3,3.548151703
FC2-2A,VT,FC,FC2,FC.2,1.492,1.93,3.52,2.7,4,45.5,3.22,20,19,45,A,8.8,2.918640917
FC2-2B,VT,FC,FC2,FC.2,1.534440785,1.99,3.35,3.05,2,69.5,4.9,24,18,46,B,13.6,3.290104306
FC2-2C,VT,FC,FC2,FC.2,1.457,1.89,3.32,2.51,4,44.5,3.92,14,8,41,C,5.2,4.232882733
FC2-3A,VT,FC,FC2,FC.2,NA,NA,NA,NA,NA,46.8,3.59,8,5,39,A,3.9,5.654866776
FC21-1B,VT,FC,FC21,FC.21,1.431,1.85,3.68,2.88,4,60,5.1,7,6,53,B,5.2,3.351032164
FC21-1C,VT,FC,FC21,FC.21,1.456,1.89,3.08,2.74,3,52.4,4.54,8,6,49,C,7.6,3.479918016
FC21-2A,VT,FC,FC21,FC.21,NA,NA,NA,NA,NA,36.2,4.96,11,8,48,A,5.6,3.17466205
FC21-2B,VT,FC,FC21,FC.21,1.467,1.9,2.56,2.3,2,63,4.28,23,16,46,B,13.3,3.769911184
FC21-2C,VT,FC,FC21,FC.21,1.481,1.92,3.36,2.81,3,63.2,6.54,1,0,68,C,9,3.479918016
FC21-3A,VT,FC,FC21,FC.21,NA,NA,NA,NA,NA,55,5.43,13,11,47,A,10,2.966487489
FC24-1A,VT,FC,FC24,FC.24,1.464,1.9,2.98,2.55,1,82.4,5.93,15,9,49,A,11,3.290104306
FC24-1B,VT,FC,FC24,FC.24,NA,NA,NA,NA,NA,69.1,5.12,9,4,53,B,12.9,3.119926497
FC24-1C,VT,FC,FC24,FC.24,1.472,1.91,3.43,3.41,3,67.2,5.6,12,7,48,C,9.7,2.234021443
FC24-2B,VT,FC,FC24,FC.24,1.458,1.89,3,2.16,4,75.2,4.4,22,13,50,B,15,4.112630383
FC24-2C,VT,FC,FC24,FC.24,NA,NA,NA,NA,NA,72,6.37,13,6,52,C,13.1,2.741753589
FC24-3A,VT,FC,FC24,FC.24,NA,NA,NA,NA,NA,68,4.45,12,7,47,A,6.3,3.769911184
FC25-1A,VT,FC,FC25,FC.25,1.449,1.88,2.84,2.19,1,42.1,3.8,21,14,45,A,8.3,2.966487489
FC25-1B,VT,FC,FC25,FC.25,NA,NA,NA,NA,NA,56.6,4.88,19,15,43,B,12.7,3.067046387
FC25-1C,VT,FC,FC25,FC.25,NA,NA,NA,NA,NA,58.9,4.2,8,8,49,C,6.2,3.479918016
FC25-2B,VT,FC,FC25,FC.25,1.45,1.88,2.94,2.53,2,50.6,5.7,36,17,43,B,18.8,2.47884571
FC25-2C,VT,FC,FC25,FC.25,NA,NA,NA,NA,NA,55,5.26,19,11,49,C,10.1,3.17466205
FC25-3A,VT,FC,FC25,FC.25,1.483,1.92,2.81,2.42,1,80,4.53,8,6,54,A,8.8,2.966487489
FC5-1A,VT,FC,FC5,FC.5,NA,NA,NA,NA,NA,55.4,5.12,15,6,48,A,8.4,3.351032164
FC5-1C,VT,FC,FC5,FC.5,NA,NA,NA,NA,NA,45.8,3.41,14,4,50,C,6.8,4.413554557
FC5-2B,VT,FC,FC5,FC.5,1.476,1.91,3.87,3.24,4,73.8,4.42,37,17,49,B,NA,4.021238597
FC5-2C,VT,FC,FC5,FC.5,1.473,1.91,3.19,3.16,3,65.3,6.26,21,12,47,C,9.8,2.54867235
FC5-3A,VT,FC,FC5,FC.5,NA,NA,NA,NA,NA,41.2,4.5,21,12,45,A,8.8,2.206777279
FC5-3B,VT,FC,FC5,FC.5,1.463,1.89,2.9,3.58,4,61.9,3.39,10,6,56,B,14.9,2.827433388
FC8-1A,VT,FC,FC8,FC.8,NA,NA,NA,NA,NA,58,3.77,18,5,52,A,4.4,4.308469925
FC8-1B,VT,FC,FC8,FC.8,1.448,1.88,3.4,2.52,2,56,6.99,23,16,51,B,10.9,3.496729214
FC8-2A,VT,FC,FC8,FC.8,1.461,1.89,2.74,2.52,1,108.5,6.92,13,0,68,A,7.1,3.933820366
FC8-2B,VT,FC,FC8,FC.8,NA,NA,NA,NA,NA,48.3,3.83,28,23,49,B,13.5,2.622546911
FC8-2C,VT,FC,FC8,FC.8,NA,NA,NA,NA,NA,45.9,4.13,9,7,51,C,4.2,2.700831893
FC8-3A,VT,FC,FC8,FC.8,NA,NA,NA,NA,NA,52.7,4.05,18,9,52,A,5.5,3.619114737
FL1-1B,NY,FL,FL1,FL.1,1.466,1.9,2.93,2.33,4,105,5.5,33,2,63,B,17.3,2.872313283
FL1-1C,NY,FL,FL1,FL.1,NA,NA,NA,NA,NA,102.6,5.62,22,0,61,C,12.1,3.850122061
FL1-2A,NY,FL,FL1,FL.1,1.465,1.9,2.89,2.62,1,97,7.61,1,0,NA,A,10,4.20827295
FL1-2B,NY,FL,FL1,FL.1,NA,NA,NA,NA,NA,76.5,5.1,2,0,NA,B,4.5,5.322227554
FL1-2C,NY,FL,FL1,FL.1,1.519,1.97,3.16,3.63,3,91.2,6.24,7,0,NA,C,6.8,3.351032164
FL1-3A,NY,FL,FL1,FL.1,NA,NA,NA,NA,NA,97.6,4.79,2,0,NA,A,6.3,3.692974221
FL10-1A,NY,FL,FL10,FL.10,NA,NA,NA,NA,NA,80.5,2,3,0,73,A,6.4,3.548151703
FL10-1B,NY,FL,FL10,FL.10,1.477,1.91,2.65,2.53,2,82.5,4.1,11,1,62,B,7.8,3.479918016
FL10-1C,NY,FL,FL10,FL.10,NA,NA,NA,NA,NA,79.1,3.98,8,0,63,C,5.6,3.015928947
FL10-2A,NY,FL,FL10,FL.10,NA,NA,NA,NA,NA,86,5.42,18,3,54,A,10.5,3.619114737
FL10-2B,NY,FL,FL10,FL.10,1.459,1.89,3.03,2.61,4,125.4,4.5,14,0,NA,B,18.5,4.761993075
FL10-2C,NY,FL,FL10,FL.10,1.462,1.89,3.12,2.42,4,90.6,6.8,26,0,NA,C,13.9,3.850122061
FL2-1B,NY,FL,FL2,FL.2,1.451,1.88,2.92,2.68,2,4.6,5.9,8,0,65,B,6.2,4.308469925
FL2-1C,NY,FL,FL2,FL.2,NA,NA,NA,NA,NA,89.5,4.6,12,0,63,C,8.8,4.112630383
FL2-2A,NY,FL,FL2,FL.2,NA,NA,NA,NA,NA,85.3,4.89,5,0,68,A,4.7,3.351032164
FL2-2B,NY,FL,FL2,FL.2,1.49,1.93,3.35,4.67,2,98.7,6.3,24,0,NA,B,15.9,2.622546911
FL2-2C,NY,FL,FL2,FL.2,NA,NA,NA,NA,NA,89.7,5.07,19,0,57,C,13.1,2.741753589
FL2-3A,NY,FL,FL2,FL.2,1.477,1.91,2.74,2.35,1,89.6,7.14,10,0,68,A,8.3,4.112630383
FL3-1B,NY,FL,FL3,FL.3,NA,NA,NA,NA,NA,106.3,4.85,20,0,62,B,10.6,4.413554557
FL3-1C,NY,FL,FL3,FL.3,NA,NA,NA,NA,NA,66.5,4.54,11,0,63,C,6.9,3.933820366
FL3-2A,NY,FL,FL3,FL.3,1.472,1.91,2.86,2.54,1,106.1,9.16,7,0,61,A,7.7,3.479918016
FL3-2B,NY,FL,FL3,FL.3,1.458,1.89,2.62,2.41,2,99.8,5.39,16,2,53,B,13.6,2.918640917
FL3-2C,NY,FL,FL3,FL.3,NA,NA,NA,NA,NA,109.4,5.68,13,0,58,C,11.5,3.414259186
FL3-3A,NY,FL,FL3,FL.3,1.456,1.89,2.91,2.23,1,88.1,12.11,9,0,65,A,8.5,3.015928947
FL4-1B,NY,FL,FL4,FL.4,1.456,1.89,3.74,3.6,2,69.8,4.1,12,1,54,B,7.9,3.548151703
FL4-1C,NY,FL,FL4,FL.4,NA,NA,NA,NA,NA,68.1,4.15,11,1,60,C,10.7,2.741753589
FL4-2A,NY,FL,FL4,FL.4,NA,NA,NA,NA,NA,93.4,4.08,0,0,59,A,10.7,3.479918016
FL4-2B,NY,FL,FL4,FL.4,1.464,1.9,2.68,2.33,2,85,5.68,26,5,51,B,16.5,2.54867235
FL4-2C,NY,FL,FL4,FL.4,1.478,1.91,2.98,2.39,3,73,5.4,10,1,55,C,6.2,3.479918016
FL4-3A,NY,FL,FL4,FL.4,NA,NA,NA,NA,NA,NA,NA,NA,NA,NA,A,2.1,4.112630383
FL5-1A,NY,FL,FL5,FL.5,NA,NA,NA,NA,NA,NA,NA,NA,NA,NA,A,4.7,3.351032164
FL5-1C,NY,FL,FL5,FL.5,1.444,1.87,2.64,2.22,3,71.5,5.04,11,0,62,C,12.6,2.700831893
FL5-2A,NY,FL,FL5,FL.5,NA,NA,NA,NA,NA,89.2,5.6,11,0,66,A,7.3,3.619114737
FL5-2B,NY,FL,FL5,FL.5,1.483,1.92,3.17,2.91,2,99.9,8.6,26,1,58,B,16.6,2.783934413
FL5-2C,NY,FL,FL5,FL.5,NA,NA,NA,NA,NA,84.2,7,16,0,71,C,9.7,3.619114737
FL5-3A,NY,FL,FL5,FL.5,1.478,1.91,3.21,3.23,1,58.3,9.63,1,0,NA,A,7.2,2.290578947
FL6-1A,NY,FL,FL6,FL.6,NA,NA,NA,NA,NA,83,4.7,10,0,65,A,6.7,4.20827295
FL6-1B,NY,FL,FL6,FL.6,1.451,1.88,2.73,2.32,2,84.6,7.1,14,0,60,B,11.4,NA
FL6-2A,NY,FL,FL6,FL.6,NA,NA,NA,NA,NA,74.4,3.59,7,0,68,A,NA,4.413554557
FL6-2B,NY,FL,FL6,FL.6,1.457,1.89,3.01,2.71,4,124.3,5.24,25,1,70,B,18.3,3.231352444
FL6-2C,NY,FL,FL6,FL.6,1.474,1.91,3.02,2.48,4,83.2,5.43,13,1,47,C,4.2,4.112630383
FL6-3A,NY,FL,FL6,FL.6,NA,NA,NA,NA,NA,63,4.44,6,0,66,A,3.5,4.308469925
FL7-1A,NY,FL,FL7,FL.7,NA,NA,NA,NA,NA,60,5.5,6,0,66,A,4.8,4.639890688
FL7-1B,NY,FL,FL7,FL.7,1.454,1.88,3.71,2.9,4,86.5,5.01,7,0,64,B,10.7,3.692974221
FL7-1C,NY,FL,FL7,FL.7,1.453,1.88,3.67,2.72,3,81.1,7.6,9,0,NA,C,11.3,3.231352444
FL7-2A,NY,FL,FL7,FL.7,NA,NA,NA,NA,NA,92.3,5.68,2,0,NA,A,10.1,4.021238597
FL7-2B,NY,FL,FL7,FL.7,1.448,1.88,2.99,2.85,3,87.1,5.41,19,0,60,B,17.6,3.290104306
FL7-2C,NY,FL,FL7,FL.7,1.474,1.91,3.15,2.35,3,83.2,4.2,24,0,60,C,14,2.783934413
FL8-1B,NY,FL,FL8,FL.8,1.48,1.92,2.8,2.53,2,NA,NA,NA,NA,NA,B,4.1,3.619114737
FL8-1C,NY,FL,FL8,FL.8,NA,NA,NA,NA,NA,70.8,4.3,29,1,56,C,13.2,2.54867235
FL8-2A,NY,FL,FL8,FL.8,NA,NA,NA,NA,NA,65,3.58,8,1,57,A,12.9,2.54867235
FL8-2B,NY,FL,FL8,FL.8,1.467,1.9,3.68,2.98,4,81.3,4.03,18,0,NA,B,11.3,4.523893421
FL8-2C,NY,FL,FL8,FL.8,NA,NA,NA,NA,NA,95.3,4.95,12,0,NA,C,11.7,3.414259186
FL8-3A,NY,FL,FL8,FL.8,NA,NA,NA,NA,NA,104.7,5.22,24,0,65,A,15.6,2.412743158
FL9-1A,NY,FL,FL9,FL.9,NA,NA,NA,NA,NA,58.3,4.7,35,4,49,A,10.1,3.290104306
FL9-1C,NY,FL,FL9,FL.9,NA,NA,NA,NA,NA,76.7,5.3,20,2,56,C,7.7,4.523893421
FL9-2A,NY,FL,FL9,FL.9,NA,NA,NA,NA,NA,100.3,8.94,22,0,68,A,10.2,4.89069559
FL9-2B,NY,FL,FL9,FL.9,1.452,1.88,3.5,2.1,4,71.2,5,24,15,51,B,14.9,2.872313283
FL9-2C,VT,FL,FL9,FL.9,1.438,1.86,3.05,2.47,4,83.5,4.7,15,2,56,C,8.4,3.933820366
FL9-3A,NY,FL,FL9,FL.9,1.466,1.9,3.38,2.67,1,79.2,4.43,9,0,61,A,5.3,4.639890688
FP1-1B,NY,FP,FP1,FP.1,1.461,1.89,3.37,2.81,2,98,5.22,18,0,60,B,15.4,4.413554557
FP1-1C,NY,FP,FP1,FP.1,NA,NA,NA,NA,NA,116,6.96,23,0,68,C,22.2,1.827835726
FP1-2A,NY,FP,FP1,FP.1,1.484,1.92,2.88,2.41,1,82.6,5.4,15,0,65,A,8.1,3.619114737
FP1-2B,NY,FP,FP1,FP.1,1.467,1.9,2.71,2.44,2,96.1,5.53,16,0,63,B,13.8,4.468042885
FP1-2C,NY,FP,FP1,FP.1,NA,NA,NA,NA,NA,119.1,9.24,11,0,68,C,13.2,5.322227554
FP1-3A,NY,FP,FP1,FP.1,NA,NA,NA,NA,NA,107.7,5.5,17,0,NA,A,12.4,4.639890688
FP1-3B,NY,FP,FP1,FP.1,NA,NA,NA,NA,NA,102.6,6.71,28,0,62,B,15.2,3.619114737
FP1-3C,NY,FP,FP1,FP.1,NA,NA,NA,NA,NA,91.9,4.63,11,0,NA,C,12.4,4.523893421
FP1-4B,NY,FP,FP1,FP.1,1.469,1.9,2.65,2.3,2,93.3,5.6,11,0,65,B,8,3.067046387
FP10-1A,NY,FP,FP10,FP.10,1.491,1.93,2.6,2.05,1,90,5.74,16,0,58,A,8.4,3.933820366
FP10-1B,NY,FP,FP10,FP.10,1.461,1.89,2.63,2.29,2,90.8,4.24,17,1,56,B,10.1,3.619114737
FP10-1C,NY,FP,FP10,FP.10,NA,NA,NA,NA,NA,88.4,4.75,3,0,68,C,11.2,2.918640917
FP10-2B,NY,FP,FP10,FP.10,NA,NA,NA,NA,NA,105.4,4.77,14,0,65,B,10.7,3.619114737
FP10-3A,NY,FP,FP10,FP.10,NA,NA,NA,NA,NA,98.3,7.82,16,0,60,A,7.7,3.231352444
FP10-3B,NY,FP,FP10,FP.10,1.466,1.9,2.95,2.04,2,NA,NA,NA,NA,NA,B,7.6,3.933820366
FP14-1A,NY,FP,FP14,FP.14,NA,NA,NA,NA,NA,NA,NA,NA,NA,NA,A,2.1,5.322227554
FP14-1B,NY,FP,FP14,FP.14,NA,NA,NA,NA,NA,94.1,4.5,13,0,62,B,11.4,3.231352444
FP14-1C,NY,FP,FP14,FP.14,1.449,1.88,4,3.09,4,98.4,5.38,32,1,60,C,15.5,3.290104306
FP14-2B,NY,FP,FP14,FP.14,NA,NA,NA,NA,NA,114.5,7.6,14,0,70,B,13.7,4.20827295
FP14-2C,NY,FP,FP14,FP.14,1.459,1.89,2.37,2.08,4,110.6,6.94,44,0,65,C,16.1,5.026548246
FP2-1B,NY,FP,FP2,FP.2,1.459,1.89,3.21,3.08,4,NA,NA,NA,NA,NA,B,NA,3.548151703
FP2-1C,NY,FP,FP2,FP.2,1.454,1.88,3.04,2.62,3,84.5,4.12,16,0,61,C,15.4,3.231352444
FP2-2A,NY,FP,FP2,FP.2,NA,NA,NA,NA,NA,89.5,6.79,4,0,68,A,6.2,4.20827295
FP2-2B,NY,FP,FP2,FP.2,1.455,1.88,3.03,2.55,2,NA,NA,NA,NA,NA,B,NA,NA
FP2-2C,NY,FP,FP2,FP.2,NA,NA,NA,NA,NA,98.2,6.35,6,0,NA,C,13.6,3.414259186
FP2-3A,NY,FP,FP2,FP.2,NA,NA,NA,NA,NA,NA,NA,NA,NA,NA,A,4.3,5.483507177
FP3-1A,NY,FP,FP3,FP.3,NA,NA,NA,NA,NA,113.3,5.62,14,0,NA,A,9.6,3.769911184
FP3-1B,NY,FP,FP3,FP.3,1.448,1.88,3.89,2.86,4,113.8,7.5,46,5,62,B,25.2,3.290104306
FP3-1C,NY,FP,FP3,FP.3,NA,NA,NA,NA,NA,96.3,5.64,23,0,62,C,13.8,NA
FP3-2A,NY,FP,FP3,FP.3,1.503,1.95,3.38,3.01,1,103.4,5.72,9,0,65,A,11.1,NA
FP3-2B,NY,FP,FP3,FP.3,1.462,1.89,3.23,2.67,4,97.6,5.65,30,12,53,B,18.8,3.619114737
FP3-2C,NY,FP,FP3,FP.3,NA,NA,NA,NA,NA,78,4.65,6,1,NA,C,5.5,4.639890688
FP5-1A,NY,FP,FP5,FP.5,NA,NA,NA,NA,NA,119.9,6.7,26,0,66,A,16.2,3.548151703
FP5-1B,NY,FP,FP5,FP.5,1.487,1.93,3.22,2.78,2,120.3,6.03,39,0,62,B,21.9,4.308469925
FP5-1C,NY,FP,FP5,FP.5,1.465,1.9,2.63,2.48,3,100,5.98,12,0,68,C,11.6,4.413554557
FP5-2A,NY,FP,FP5,FP.5,1.513,1.96,3.14,3.34,1,88.5,5.69,21,0,60,A,8.7,5.026548246
FP5-2B,NY,FP,FP5,FP.5,NA,NA,NA,NA,NA,105.1,6.81,15,0,NA,B,16.4,3.153912625
FP5-2C,NY,FP,FP5,FP.5,1.506,1.95,2.74,2.4,3,73.1,4.41,19,0,60,C,9.2,4.20827295
FP6-1A,NY,FP,FP6,FP.6,1.465,1.9,3,2.34,3,98.7,5.04,15,0,63,A,10.2,3.17466205
FP6-1B,NY,FP,FP6,FP.6,NA,NA,NA,NA,NA,94.3,7.6,39,0,62,B,21.8,2.206777279
FP6-1C,NY,FP,FP6,FP.6,1.474,1.91,2.24,3.72,3,109.8,5.8,11,0,63,C,NA,4.021238597
FP6-2B,NY,FP,FP6,FP.6,1.447,1.87,3.46,2.58,2,93.4,4.45,10,1,57,B,6.9,3.850122061
FP6-2C,NY,FP,FP6,FP.6,1.466,1.9,3.5,2.71,3,91,6,26,2,54,C,10.5,3.17466205
FP7-1A,NY,FP,FP7,FP.7,NA,NA,NA,NA,NA,73.1,4.3,7,0,62,A,6.3,4.308469925
FP7-1B,NY,FP,FP7,FP.7,1.44,1.86,3.04,2.66,2,98.4,6.86,0,0,NA,B,16,3.119926497
FP7-1C,NY,FP,FP7,FP.7,1.454,1.88,2.98,2.65,3,79.5,4.6,13,1,55,C,11.5,2.966487489
FP7-2A,NY,FP,FP7,FP.7,NA,NA,NA,NA,NA,95.6,7.61,21,8,52,A,14.9,2.585081955
FP7-2B,NY,FP,FP7,FP.7,1.462,1.89,3.8,3.3,4,93.2,5.23,27,4,58,B,13.6,2.741753589
FP7-2C,NY,FP,FP7,FP.7,NA,NA,NA,NA,NA,88.4,5.1,20,0,63,C,14,4.021238597
FP8-1A,NY,FP,FP8,FP.8,1.501,1.94,3.06,2.95,1,86.4,6.31,15,0,62,A,11.7,3.015928947
FP8-1B,NY,FP,FP8,FP.8,1.455,1.88,3.6,3.42,4,109.5,5.9,34,4,56,B,19,4.413554557
FP8-1C,NY,FP,FP8,FP.8,1.465,1.9,3.33,2.81,4,116,5.31,17,0,68,C,13.8,2.661113777
FP8-2A,NY,FP,FP8,FP.8,NA,NA,NA,NA,NA,82.7,5.4,17,0,62,A,7.7,3.548151703
FP8-2C,NY,FP,FP8,FP.8,NA,NA,NA,NA,NA,97.1,6.51,42,3,60,C,19.2,2.412743158
FP8-3A,NY,FP,FP8,FP.8,NA,NA,NA,NA,NA,94.5,6.2,16,0,65,A,15.6,3.769911184
FP9-1A,NY,FP,FP9,FP.9,NA,NA,NA,NA,NA,108.3,6.06,27,0,73,A,16.2,3.850122061
FP9-1B,NY,FP,FP9,FP.9,1.465,1.9,3.08,2.19,4,102,9.33,16,1,62,B,15.2,2.680825731
FP9-2A,NY,FP,FP9,FP.9,1.492,1.93,3.04,2.82,1,76,7.32,46,8,53,A,21.9,2.54867235
FP9-3A,NY,FP,FP9,FP.9,1.493,1.93,3.08,3.01,1,NA,NA,NA,NA,NA,A,2.4,5.483507177
HV1-1A,VT,HV,HV1,HV.1,NA,NA,NA,NA,NA,67.4,4.7,12,1,59,A,9,3.933820366
HV1-1B,VT,HV,HV1,HV.1,1.453,1.88,2.73,2.39,2,95.5,6.77,27,14,53,B,21.7,3.015928947
HV1-1C,VT,HV,HV1,HV.1,NA,NA,NA,NA,NA,69.3,4.7,20,6,52,C,11.7,2.872313283
HV1-2A,VT,HV,HV1,HV.1,NA,NA,NA,NA,NA,63,3.68,3,0,60,A,5.3,NA
HV1-2C,VT,HV,HV1,HV.1,1.458,1.89,4.17,2.92,3,52.8,4.51,38,15,48,C,11.3,3.479918016
HV1-3A,VT,HV,HV1,HV.1,1.463,1.89,2.78,2.55,1,74.2,4.7,10,3,56,A,8,4.413554557
HV11-1A,VT,HV,HV11,HV.11,NA,NA,NA,NA,NA,NA,NA,NA,NA,NA,A,1,4.89069559
HV11-1B,VT,HV,HV11,HV.11,1.447,1.87,3.84,3.23,4,89.1,4.54,20,6,58,B,18.5,3.351032164
HV11-2A,VT,HV,HV11,HV.11,1.471,1.9,2.9,2.12,1,NA,NA,NA,NA,54,A,NA,4.413554557
HV11-2B,VT,HV,HV11,HV.11,1.455,1.88,3.42,2.89,4,64.2,3.9,23,16,50,B,12.7,4.112630383
HV11-2C,VT,HV,HV11,HV.11,NA,NA,NA,NA,NA,77,5.2,7,0,NA,C,9.6,4.413554557
HV11-3A,VT,HV,HV11,HV.11,NA,NA,NA,NA,NA,NA,NA,NA,NA,NA,A,7.2,3.17466205
HV14-1B,VT,HV,HV14,HV.14,1.461,1.89,2.91,2.43,4,100,5.6,17,5,60,B,16.6,2.128891022
HV14-1C,VT,HV,HV14,HV.14,NA,NA,NA,NA,NA,65.3,6.03,25,11,49,C,18.5,2.513274123
HV14-2A,VT,HV,HV14,HV.14,NA,NA,NA,NA,NA,80.1,5.3,28,13,48,A,16.4,4.308469925
HV14-2B,VT,HV,HV14,HV.14,NA,NA,NA,NA,NA,81.3,4.7,17,7,53,B,12.4,2.872313283
HV14-2C,VT,HV,HV14,HV.14,1.48,1.92,3.19,3.02,3,53.2,4.97,10,0,63,C,3.4,3.619114737
HV14-3A,VT,HV,HV14,HV.14,1.468,1.9,2.8,2.85,3,74.9,5.8,10,2,54,A,7.9,3.015928947
HV18-1A,VT,HV,HV18,HV.18,NA,NA,NA,NA,NA,96,6.1,6,0,66,A,10,4.308469925
HV18-1B,VT,HV,HV18,HV.18,1.443,1.87,4.49,3.43,4,80.5,5.2,17,6,60,B,11.8,3.231352444
HV18-1C,VT,HV,HV18,HV.18,1.457,1.89,2.98,2.58,4,62.8,4.03,19,6,47,C,7.5,3.351032164
HV18-2A,VT,HV,HV18,HV.18,NA,NA,NA,NA,NA,70.2,5.1,20,8,53,A,11.4,3.692974221
HV18-2B,VT,HV,HV18,HV.18,1.455,1.88,3.17,2.36,4,81.9,4.9,21,2,63,B,8.5,4.20827295
HV18-2C,VT,HV,HV18,HV.18,NA,NA,NA,NA,NA,52,3.91,6,4,61,C,3.1,4.89069559
HV19-1B,VT,HV,HV19,HV.19,1.465,1.9,4.15,3.43,4,76.5,4.49,36,6,51,B,13.4,4.112630383
HV19-1C,VT,HV,HV19,HV.19,NA,NA,NA,NA,NA,65.7,4.73,15,5,52,C,10.2,4.639890688
HV19-2A,VT,HV,HV19,HV.19,NA,NA,NA,NA,NA,62.3,5.26,21,15,48,A,11.4,1.791640959
HV19-2B,VT,HV,HV19,HV.19,1.46,1.89,2.62,2.12,2,79,8.06,21,3,62,B,9.1,2.827433388
HV19-2C,VT,HV,HV19,HV.19,1.453,1.88,3.13,2.71,4,78.5,5.59,25,10,55,C,17.1,2.056315191
HV20-1B,VT,HV,HV20,HV.20,1.501,1.94,2.32,1.94,2,72.2,4.08,13,8,49,B,7.5,3.548151703
HV20-1C,VT,HV,HV20,HV.20,1.47,1.9,3.11,2.82,3,83.8,6.15,26,4,52,C,16.7,2.741753589
HV20-2A,VT,HV,HV20,HV.20,1.471,1.9,4.09,3.28,1,75.6,6.91,23,9,45,A,13.7,3.479918016
HV20-2B,VT,HV,HV20,HV.20,NA,NA,NA,NA,NA,80.2,5.6,26,1,57,B,17.1,2.234021443
HV20-2C,VT,HV,HV20,HV.20,NA,NA,NA,NA,NA,52.5,4.31,27,14,47,C,16.3,2.966487489
HV20-3A,VT,HV,HV20,HV.20,1.474,1.91,2.83,2.43,1,55.5,4.04,22,20,39,A,8.3,3.769911184
HV21-1A,VT,HV,HV21,HV.21,1.44,1.86,2.72,2.45,1,69.5,3.12,9,0,57,A,7.7,3.692974221
HV21-1B,VT,HV,HV21,HV.21,1.451,1.88,4.11,3.66,2,NA,NA,NA,NA,NA,B,10.2,2.636877768
HV21-1C,VT,HV,HV21,HV.21,1.474,1.91,3.85,2.88,3,62.5,5,27,4,54,C,16.4,2.661113777
HV21-2B,VT,HV,HV21,HV.21,NA,NA,NA,NA,NA,59,4.38,20,10,50,B,13.4,2.380996537
HV21-2C,VT,HV,HV21,HV.21,1.45,1.88,3.06,2.14,3,62.5,5.4,31,15,46,C,16.7,4.021238597
HV21-3A,VT,HV,HV21,HV.21,NA,NA,NA,NA,NA,71.6,4.14,7,0,65,A,9.4,3.067046387
HV3-1A,VT,HV,HV3,HV.3,1.46,1.89,4.01,3.02,1,81.2,4.53,10,0,NA,A,13.1,2.827433388
HV3-1B,VT,HV,HV3,HV.3,1.462,1.89,3.65,3.24,4,NA,NA,NA,NA,NA,B,3.3,NA
HV3-1C,VT,HV,HV3,HV.3,NA,NA,NA,NA,NA,77.9,5.47,8,0,63,C,16,2.966487489
HV3-2B,VT,HV,HV3,HV.3,1.442,1.87,3.13,3.03,4,74,6.33,11,4,53,B,10.3,NA
HV3-3A,VT,HV,HV3,HV.3,NA,NA,NA,NA,NA,59.4,3.8,6,1,65,A,5.6,4.232882733
HV3-3C,VT,HV,HV3,HV.3,NA,NA,NA,NA,NA,NA,NA,NA,NA,NA,C,NA,6.119276125
HV4-1A,VT,HV,HV4,HV.4,NA,NA,NA,NA,NA,63.4,8.21,12,2,66,A,14.6,2.400739461
HV4-1B,VT,HV,HV4,HV.4,1.452,1.88,3.27,2.75,2,45.5,3.3,1,0,NA,B,7.1,2.872313283
HV4-1C,VT,HV,HV4,HV.4,1.456,1.89,2.84,2.41,3,77.5,5.5,16,3,57,C,13.5,3.850122061
HV4-2B,VT,HV,HV4,HV.4,1.451,1.88,2.97,2.97,4,96.6,4.9,20,3,62,B,16.8,3.692974221
HV4-3A,VT,HV,HV4,HV.4,NA,NA,NA,NA,NA,NA,NA,NA,NA,NA,A,9.2,3.850122061
HV8-1A,VT,HV,HV8,HV.8,1.477,1.91,3.23,2.79,1,76.6,4.44,12,1,56,A,11.1,3.769911184
HV8-1B,VT,HV,HV8,HV.8,1.456,1.89,3.11,2.39,4,50.3,4.3,15,13,49,B,7.9,3.290104306
HV8-1C,VT,HV,HV8,HV.8,NA,NA,NA,NA,NA,47.1,3.7,9,0,61,C,7.7,3.933820366
HV8-2A,VT,HV,HV8,HV.8,NA,NA,NA,NA,NA,68.4,4.95,13,3,52,A,7,2.661113777
HV8-2B,VT,HV,HV8,HV.8,1.496,1.94,3.45,2.91,4,68.1,5.32,27,14,49,B,22.3,2.827433388
HV8-2C,VT,HV,HV8,HV.8,NA,NA,NA,NA,NA,58.6,4.01,20,7,48,C,10.9,3.290104306
HV8-3A,VT,HV,HV8,HV.8,NA,NA,NA,NA,NA,NA,NA,NA,NA,NA,A,4.2,3.850122061
JF10-1A,NY,JF,JF10,JF.10,1.511,1.96,2.45,2.25,1,67,6.41,22,4,49,A,9.2,3.923159606
JF10-1B,NY,JF,JF10,JF.10,NA,NA,NA,NA,NA,83.3,4.78,8,0,63,B,9.8,2.872313283
JF10-1C,NY,JF,JF10,JF.10,NA,NA,NA,NA,NA,89,5.21,15,1,55,C,14.1,3.067046387
JF10-2B,NY,JF,JF10,JF.10,1.472,1.91,2.89,2.52,3,31.1,5.13,0,0,NA,B,6.5,3.17466205
JF10-2C,NY,JF,JF10,JF.10,1.505,1.95,3.65,3.04,2,NA,NA,NA,NA,NA,C,10.3,3.479918016
JF10-3A,NY,JF,JF10,JF.10,1.556,2.02,2.78,3.62,1,76,4.48,16,3,55,A,7.5,3.769911184
JF11-1B,NY,JF,JF11,JF.11,1.529,1.98,2.71,2.26,2,79.1,4.5,10,6,48,B,9.9,3.933820366
JF11-1C,NY,JF,JF11,JF.11,NA,NA,NA,NA,NA,88,4.8,10,2,54,C,13.1,3.17466205
JF11-2A,NY,JF,JF11,JF.11,NA,NA,NA,NA,NA,88.2,8.42,14,1,60,A,13.2,3.619114737
JF11-2B,NY,JF,JF11,JF.11,1.516,1.96,3.73,3.17,2,81.6,5,21,11,46,B,15.8,3.015928947
JF11-2C,NY,JF,JF11,JF.11,1.569,2.03,3.4,3.41,3,87,5.1,6,0,56,C,11.1,4.021238597
JF11-3A,NY,JF,JF11,JF.11,NA,NA,NA,NA,NA,68.5,5.81,9,1,52,A,7.6,3.740687067
JF13-1A,NY,JF,JF13,JF.13,NA,NA,NA,NA,NA,71.5,4,11,4,49,A,5.3,NA
JF13-1B,NY,JF,JF13,JF.13,NA,NA,NA,NA,NA,75.1,4.96,30,11,49,B,14.1,3.17466205
JF13-1C,NY,JF,JF13,JF.13,1.54,1.99,2.63,2.9,3,65,4.2,7,0,NA,C,5.9,5.483507177
JF13-2A,NY,JF,JF13,JF.13,NA,NA,NA,NA,NA,89.1,5.32,28,2,57,A,17.2,4.89069559
JF13-2B,NY,JF,JF13,JF.13,1.521,1.97,2.74,2.6,2,83.3,6.3,28,2,54,B,19.5,3.769911184
JF13-3A,NY,JF,JF13,JF.13,NA,NA,NA,NA,NA,79.2,5.59,12,1,56,A,11.9,4.89069559
JF13-3C,NY,JF,JF13,JF.13,1.518,1.97,3.06,3,1,79,8.03,8,0,63,C,10,4.89069559
JF14-1B,NY,JF,JF14,JF.14,1.523,1.97,3.06,2.6,4,109.1,4.57,19,6,53,B,17.3,3.850122061
JF14-1C,NY,JF,JF14,JF.14,NA,NA,NA,NA,NA,64.6,3.77,22,5,50,C,11.5,2.380996537
JF14-2A,NY,JF,JF14,JF.14,1.506,1.95,3.13,2.8,1,78.1,5.44,14,4,54,A,8.8,4.761993075
JF14-2B,NY,JF,JF14,JF.14,1.526,1.98,3.09,2.96,2,84.1,4.97,25,7,49,B,15.3,2.872313283
JF14-2C,NY,JF,JF14,JF.14,NA,NA,NA,NA,NA,87,4.6,14,6,47,C,11.6,3.548151703
JF14-3A,NY,JF,JF14,JF.14,NA,NA,NA,NA,NA,86.6,6.03,32,1,54,A,14,4.021238597
JF21-1A,NY,JF,JF21,JF.21,1.555,2.01,3.04,2.45,1,71.7,6.45,13,1,54,A,6.1,5.654866776
JF21-1B,NY,JF,JF21,JF.21,NA,NA,NA,NA,NA,85.3,6.71,22,3,51,B,16.5,3.933820366
JF21-1C,NY,JF,JF21,JF.21,1.684,2.18,3.12,4.45,3,63.2,4.34,6,0,61,C,12.2,3.619114737
JF21-2A,NY,JF,JF21,JF.21,1.537,1.99,3.65,3.9,1,87.6,5.42,12,1,57,A,8.9,4.523893421
JF21-2B,NY,JF,JF21,JF.21,NA,NA,NA,NA,NA,NA,NA,NA,NA,NA,B,1.6,6.031857895
JF21-2C,NY,JF,JF21,JF.21,NA,NA,NA,NA,NA,76.8,4.7,11,2,55,C,10.6,4.639890688
JF25-1A,NY,JF,JF25,JF.25,NA,NA,NA,NA,NA,98,6.75,22,1,57,A,13.6,3.17466205
JF25-1B,NY,JF,JF25,JF.25,1.517,1.96,3.4,2.43,4,81,5.9,10,2,62,B,11.4,3.692974221
JF25-1C,NY,JF,JF25,JF.25,NA,NA,NA,NA,NA,82.6,4.59,24,3,51,C,14.7,2.010619298
JF25-2A,NY,JF,JF25,JF.25,NA,NA,NA,NA,NA,NA,NA,NA,NA,NA,A,8.8,2.319945344
JF25-2B,NY,JF,JF25,JF.25,1.504,1.95,4.34,3.41,4,96.6,5.08,20,1,62,B,16.7,4.20827295
JF25-2C,NY,JF,JF25,JF.25,NA,NA,NA,NA,NA,82.1,6.54,1,0,NA,C,10,2.918640917
JF25-3A,NY,JF,JF25,JF.25,1.517,1.96,3.02,2.44,1,102,5.61,12,0,61,A,13.2,5.17016391
JF4-1A,NY,JF,JF4,JF.4,1.547,2,2.89,2.88,1,86.9,4.57,10,1,55,A,9,3.479918016
JF4-1B,NY,JF,JF4,JF.4,1.541,2,3.02,2.37,2,86.7,4.45,13,0,62,B,13.3,4.308469925
JF4-1C,NY,JF,JF4,JF.4,NA,NA,NA,NA,NA,50.4,3.32,8,5,49,C,6,3.17466205
JF4-2A,NY,JF,JF4,JF.4,NA,NA,NA,NA,NA,NA,NA,NA,NA,NA,A,5,3.850122061
JF4-2B,NY,JF,JF4,JF.4,1.499,1.94,3.75,2.69,4,88.3,4.12,7,0,65,B,8,3.015928947
JF4-2C,NY,JF,JF4,JF.4,NA,NA,NA,NA,NA,71.2,4.4,13,0,63,C,9.6,5.957390513
JF6-1A,NY,JF,JF6,JF.6,1.528,1.98,2.88,2.22,1,88.8,4.93,14,1,56,A,7.6,4.021238597
JF6-1B,NY,JF,JF6,JF.6,NA,NA,NA,NA,NA,89.9,4.26,17,2,53,B,12.3,4.20827295
JF6-1C,NY,JF,JF6,JF.6,1.537,1.99,2.74,2.45,3,73.4,5.37,20,4,50,C,9.5,2.585081955
JF6-2A,NY,JF,JF6,JF.6,NA,NA,NA,NA,NA,84.5,6.83,6,6,52,A,NA,3.231352444
JF6-2B,NY,JF,JF6,JF.6,NA,NA,NA,NA,NA,68.8,6.3,15,7,49,B,NA,3.692974221
JF6-2C,NY,JF,JF6,JF.6,1.521,1.97,2.9,2.54,3,NA,NA,NA,NA,NA,C,9.8,2.741753589
JF7-1A,NY,JF,JF7,JF.7,1.478,1.91,3.49,3.17,1,92.1,3.9,16,1,60,A,11.9,5.322227554
JF7-1B,NY,JF,JF7,JF.7,NA,NA,NA,NA,NA,95.2,6.9,21,7,49,B,15.2,3.619114737
JF7-1C,NY,JF,JF7,JF.7,1.486,1.92,4.39,2.92,3,60.1,5.28,10,0,52,C,5.9,3.850122061
JF7-2A,NY,JF,JF7,JF.7,NA,NA,NA,NA,NA,63,5.75,4,0,56,A,2.7,5.026548246
JF7-2B,NY,JF,JF7,JF.7,1.496,1.94,2.85,2.44,4,91.7,5.8,13,2,70,B,13.1,4.20827295
JF7-2C,NY,JF,JF7,JF.7,NA,NA,NA,NA,NA,76.4,5.05,10,0,63,C,9.9,3.655671451
JF8-1A,NY,JF,JF8,JF.8,1.52,1.97,3.31,3.1,1,74.5,5.67,21,4,54,A,13.2,2.827433388
JF8-1B,NY,JF,JF8,JF.8,1.503,1.95,2.78,2.25,3,66.5,3.6,51,25,42,B,22.2,3.548151703
JF8-1C,NY,JF,JF8,JF.8,NA,NA,NA,NA,NA,61.1,3.92,26,9,47,C,12.9,3.769911184
JF8-2A,NY,JF,JF8,JF.8,NA,NA,NA,NA,NA,71,4.26,13,5,52,A,8.1,5.026548246
JF8-2B,NY,JF,JF8,JF.8,1.511,1.96,2.79,2.39,2,75.5,5.2,27,10,49,B,17.1,3.769911184
JF8-2C,NY,JF,JF8,JF.8,NA,NA,NA,NA,NA,37,4.95,13,1,55,C,9.1,3.619114737
JV1-1A,NY,JV,JV1,JV.1,1.456,1.89,3.13,2.27,1,NA,NA,NA,NA,NA,A,NA,NA
JV1-1B,NY,JV,JV1,JV.1,1.458,1.89,2.93,2.44,2,94,5.01,28,1,57,B,12.5,4.308469925
JV1-1C,NY,JV,JV1,JV.1,NA,NA,NA,NA,NA,103.5,4.68,10,0,57,C,15.8,3.17466205
JV1-2A,NY,JV,JV1,JV.1,NA,NA,NA,NA,NA,90.3,7.31,11,0,61,A,8.8,4.308469925
JV1-2B,NY,JV,JV1,JV.1,1.416,1.83,3.44,2.59,2,91,6.3,8,0,70,B,11.3,6.959836033
JV1-2C,NY,JV,JV1,JV.1,NA,NA,NA,NA,NA,85.1,5.17,20,0,56,C,9.1,3.769911184
JV1-3B,NY,JV,JV1,JV.1,NA,NA,NA,NA,NA,129.7,5.76,18,0,65,B,16.6,3.067046387
JV10-1A,NY,JV,JV10,JV.10,1.446,1.87,2.96,2.15,1,91.3,5.2,31,1,61,A,9.6,4.639890688
JV10-1B,NY,JV,JV10,JV.10,1.456,1.89,3.21,2.7,2,127.8,6.1,35,0,57,B,20.7,3.479918016
JV10-1C,NY,JV,JV10,JV.10,1.475,1.91,3.52,2.99,4,96.6,6.66,12,0,60,C,15.5,3.548151703
JV10-2A,NY,JV,JV10,JV.10,NA,NA,NA,NA,NA,127.5,7.8,9,0,73,A,14.1,3.479918016
JV10-2B,NY,JV,JV10,JV.10,NA,NA,NA,NA,NA,109.8,6.8,21,0,57,B,13.2,3.067046387
JV10-3A,NY,JV,JV10,JV.10,NA,NA,NA,NA,NA,98.6,9.58,17,0,63,A,8.3,3.548151703
JV12-1A,NY,JV,JV12,JV.12,NA,NA,NA,NA,NA,133.3,6.73,10,0,70,A,16.8,3.479918016
JV12-1B,NY,JV,JV12,JV.12,1.458,1.89,3.77,3.12,4,120,6.3,28,0,70,B,18.8,3.548151703
JV12-1C,NY,JV,JV12,JV.12,NA,NA,NA,NA,NA,115.5,8.21,8,0,65,C,17.5,3.015928947
JV12-2A,NY,JV,JV12,JV.12,NA,NA,NA,NA,NA,99,5.69,2,0,NA,A,10.5,5.654866776
JV12-2C,NY,JV,JV12,JV.12,1.454,1.88,3.32,3.07,4,115.1,5.8,5,0,NA,C,12.9,3.769911184
JV12-3A,NY,JV,JV12,JV.12,1.468,1.9,3.37,3.31,1,138.5,6.97,20,0,73,A,19.9,3.231352444
JV13-1A,NY,JV,JV13,JV.13,NA,NA,NA,NA,NA,109,8.59,22,0,61,A,19.3,NA
JV13-1B,NY,JV,JV13,JV.13,1.474,1.91,2.85,2.42,2,85,9.48,2,0,NA,B,8.8,4.89069559
JV13-1C,NY,JV,JV13,JV.13,1.473,1.91,3.54,2.95,4,99.3,5.87,26,0,63,C,18.8,2.872313283
JV13-2A,NY,JV,JV13,JV.13,NA,NA,NA,NA,NA,119.4,5.78,23,0,61,A,14.1,4.112630383
JV13-2B,NY,JV,JV13,JV.13,1.451,1.88,2.67,2.23,4,115.2,7.58,25,0,NA,B,28,3.479918016
JV13-2C,NY,JV,JV13,JV.13,NA,NA,NA,NA,NA,97.9,6.46,33,0,58,C,22.9,1.86552306
JV14-1A,NY,JV,JV14,JV.14,1.475,1.91,3.26,3.46,1,91.4,6.1,2,0,68,A,9.2,4.523893421
JV14-1B,NY,JV,JV14,JV.14,NA,NA,NA,NA,NA,113.3,6.55,21,0,NA,B,21.2,3.850122061
JV14-2A,NY,JV,JV14,JV.14,1.47,1.9,3.01,2.6,1,118.1,6,17,0,NA,A,11.3,4.021238597
JV14-2B,NY,JV,JV14,JV.14,1.448,1.88,2.41,2.08,2,75.5,6.73,18,0,65,B,15.5,4.413554557
JV3-1A,NY,JV,JV3,JV.3,1.461,1.89,3.02,2.7,1,88,5.59,17,1,56,A,11.2,4.308469925
JV3-1B,NY,JV,JV3,JV.3,NA,NA,NA,NA,NA,109.2,6.2,10,0,65,B,11.8,3.231352444
JV3-1C,NY,JV,JV3,JV.3,NA,NA,NA,NA,NA,100,6.01,64,0,56,C,25.1,3.414259186
JV3-2A,NY,JV,JV3,JV.3,NA,NA,NA,NA,NA,85.2,6.58,22,0,56,A,12.5,3.479918016
JV3-2B,NY,JV,JV3,JV.3,1.481,1.92,2.76,2.61,2,103,4.9,28,2,56,B,16.1,4.021238597
JV3-2C,NY,JV,JV3,JV.3,1.501,1.94,2.49,2.35,3,NA,NA,NA,NA,NA,C,6.7,5.17016391
JV4-1A,NY,JV,JV4,JV.4,NA,NA,NA,NA,NA,121.4,7.1,20,0,58,A,13.9,3.479918016
JV4-1B,NY,JV,JV4,JV.4,1.459,1.89,3.19,2.6,3,65.5,8.4,30,3,56,B,17.7,2.700831893
JV4-2A,NY,JV,JV4,JV.4,NA,NA,NA,NA,NA,85,6.42,34,1,57,A,13,2.827433388
JV4-2B,NY,JV,JV4,JV.4,1.458,1.89,3.49,3.05,2,104.6,8,58,0,58,B,22.8,2.47884571
JV4-3A,NY,JV,JV4,JV.4,NA,NA,NA,NA,NA,105,8.35,0,0,NA,A,6.5,5.026548246
JV5-1A,NY,JV,JV5,JV.5,NA,NA,NA,NA,NA,NA,NA,NA,NA,NA,A,6.2,3.015928947
JV5-1B,NY,JV,JV5,JV.5,1.44,1.86,3.33,2.71,2,98.6,7.2,26,0,62,B,16.4,3.290104306
JV5-1C,NY,JV,JV5,JV.5,1.459,1.89,3.91,2.95,4,114.8,5.64,18,0,65,C,14.4,3.17466205
JV5-2A,NY,JV,JV5,JV.5,NA,NA,NA,NA,NA,97.4,7.2,10,0,65,A,9.7,4.20827295
JV5-2B,NY,JV,JV5,JV.5,1.436,1.86,3.53,3.13,3,42.3,3.82,0,0,NA,B,11.5,2.827433388
JV5-3A,NY,JV,JV5,JV.5,NA,NA,NA,NA,NA,102.4,5.34,4,0,NA,A,7.1,3.093260459
JV6-1A,NY,JV,JV6,JV.6,1.456,1.89,3.08,2.48,1,65,5.62,0,0,NA,A,7.7,4.413554557
JV6-1B,NY,JV,JV6,JV.6,1.452,1.88,3.43,2.55,4,92.6,4.86,11,0,NA,B,13.3,4.523893421
JV6-1C,NY,JV,JV6,JV.6,NA,NA,NA,NA,NA,71.5,5.2,1,0,NA,C,10.6,5.026548246
JV6-2A,NY,JV,JV6,JV.6,NA,NA,NA,NA,NA,90.6,6.35,14,0,65,A,12.7,2.741753589
JV6-2B,NY,JV,JV6,JV.6,NA,NA,NA,NA,NA,54.3,6.69,0,0,NA,B,15,2.872313283
JV6-2C,NY,JV,JV6,JV.6,1.494,1.93,3.02,2.62,3,82,5.59,30,0,58,C,14.8,3.619114737
JV8-1A,NY,JV,JV8,JV.8,NA,NA,NA,NA,NA,87,5.65,17,0,73,A,14.3,3.692974221
JV8-1B,NY,JV,JV8,JV.8,NA,NA,NA,NA,NA,106.3,7.1,17,0,63,B,16.4,3.548151703
JV8-1C,NY,JV,JV8,JV.8,1.453,1.88,2.89,2.52,3,90.3,4.6,19,0,63,C,15.1,3.119926497
JV8-2A,NY,JV,JV8,JV.8,1.487,1.93,3.01,2.91,1,101.1,7.3,3,0,NA,A,10.4,4.761993075
JV8-2C,NY,JV,JV8,JV.8,NA,NA,NA,NA,NA,71.3,4.89,25,0,60,C,12.8,4.639890688
JV8-3A,NY,JV,JV8,JV.8,1.475,1.91,3.06,2.96,1,82.5,5.7,38,0,65,A,20.9,3.933820366
LH1-1A,NY,LH,LH1,LH.1,NA,NA,NA,NA,NA,98.7,9.81,12,0,65,A,11.4,2.827433388
LH1-1B,NY,LH,LH1,LH.1,1.469,1.9,4.03,3.29,4,108.3,5.49,19,7,62,B,12.1,3.548151703
LH1-1C,NY,LH,LH1,LH.1,NA,NA,NA,NA,NA,100,6,29,0,60,C,16.5,2.056315191
LH1-2B,NY,LH,LH1,LH.1,1.485,1.92,2.53,2.28,2,103.6,5.19,27,3,56,B,19.2,2.872313283
LH1-2C,NY,LH,LH1,LH.1,1.473,1.91,2.84,2.46,3,80,5.38,13,0,NA,C,10.4,3.548151703
LH1-3A,NY,LH,LH1,LH.1,NA,NA,NA,NA,NA,104.5,6.16,20,0,62,A,8.5,4.308469925
LH10-1A,NY,LH,LH10,LH.10,NA,NA,NA,NA,NA,116.1,7.66,3,0,NA,A,10.7,4.20827295
LH10-1B,NY,LH,LH10,LH.10,1.462,1.89,3.34,2.93,4,98,6.68,24,15,54,B,22.3,2.412743158
LH10-1C,NY,LH,LH10,LH.10,NA,NA,NA,NA,NA,91.5,6.1,42,2,54,C,21.8,3.290104306
LH10-2C,NY,LH,LH10,LH.10,1.466,1.9,4.37,3.34,4,79,6.76,40,10,55,C,22,3.17466205
LH10-3C,NY,LH,LH10,LH.10,NA,NA,NA,NA,NA,NA,NA,NA,NA,NA,C,0.5,4.874228602
LH12-1A,NY,LH,LH12,LH.12,NA,NA,NA,NA,NA,106.8,4.1,19,0,60,A,NA,3.933820366
LH12-1B,NY,LH,LH12,LH.12,1.442,1.87,4.28,3.25,2,100,7.13,24,0,70,B,19.6,1.739959008
LH12-1C,NY,LH,LH12,LH.12,1.459,1.89,2.92,2.41,3,119.5,6.1,18,0,NA,C,16.4,3.479918016
LH12-2A,NY,LH,LH12,LH.12,NA,NA,NA,NA,NA,106,7.37,12,0,65,A,7.2,4.20827295
LH12-2B,NY,LH,LH12,LH.12,1.456,1.89,3.12,2.42,2,97.2,6.77,27,7,49,B,17.7,2.700831893
LH12-2C,NY,LH,LH12,LH.12,NA,NA,NA,NA,NA,95,4.8,8,0,63,C,15,3.619114737
LH13-1A,NY,LH,LH13,LH.13,NA,NA,NA,NA,NA,96.5,4.73,11,1,59,A,5,3.933820366
LH13-1B,NY,LH,LH13,LH.13,1.458,1.89,3.05,2.83,3,90.4,4.9,20,0,62,B,14,4.413554557
LH13-1C,NY,LH,LH13,LH.13,1.475,1.91,3,2.83,4,82.1,4.66,25,2,58,C,13.9,3.231352444
LH13-2A,NY,LH,LH13,LH.13,NA,NA,NA,NA,NA,109,6.9,19,0,65,A,10,3.290104306
LH13-2B,NY,LH,LH13,LH.13,1.48,1.92,3.09,2.85,3,95.2,5.51,21,1,58,B,11.6,4.112630383
LH13-2C,NY,LH,LH13,LH.13,NA,NA,NA,NA,NA,111.5,2.25,24,4,55,C,14.1,2.661113777
LH2-1B,NY,LH,LH2,LH.2,1.473,1.91,3.32,3.03,3,111.5,4.5,21,0,65,B,15.8,3.692974221
LH2-1C,NY,LH,LH2,LH.2,NA,NA,NA,NA,NA,91.1,5.2,32,1,60,C,16.3,2.872313283
LH2-2A,NY,LH,LH2,LH.2,NA,NA,NA,NA,NA,80.3,6.06,13,1,59,A,7.3,4.308469925
LH2-2B,NY,LH,LH2,LH.2,NA,NA,NA,NA,NA,79.7,7.3,32,0,58,B,11.4,4.523893421
LH2-2C,NY,LH,LH2,LH.2,1.481,1.92,3.43,3.01,3,83.5,6.1,19,0,71,C,14.2,3.015928947
LH2-3A,NY,LH,LH2,LH.2,1.496,1.94,2.54,2.11,1,86.3,4.94,24,1,NA,A,9.9,4.112630383
LH3-1A,NY,LH,LH3,LH.3,1.514,1.96,3.72,3.56,1,131.7,8,22,0,66,A,14.5,3.414259186
LH3-1B,NY,LH,LH3,LH.3,1.486,1.92,2.62,2.19,2,100.3,6.5,21,12,57,B,15.2,2.585081955
LH3-1C,NY,LH,LH3,LH.3,NA,NA,NA,NA,NA,80.8,5.74,38,2,58,C,12.4,3.414259186
LH3-2A,NY,LH,LH3,LH.3,NA,NA,NA,NA,NA,87.3,7.44,29,0,66,A,9.1,2.700831893
LH3-2B,NY,LH,LH3,LH.3,1.467,1.9,2.73,3.51,2,98.1,7.05,36,11,53,B,17.4,2.585081955
LH3-2C,NY,LH,LH3,LH.3,NA,NA,NA,NA,NA,82.7,6.08,31,0,64,C,17,2.622546911
LH5-1A,NY,LH,LH5,LH.5,NA,NA,NA,NA,NA,106.9,6.57,32,0,65,A,19.9,2.700831893
LH5-1C,NY,LH,LH5,LH.5,NA,NA,NA,NA,NA,107.2,5.41,27,1,58,C,10,3.769911184
LH5-2A,NY,LH,LH5,LH.5,NA,NA,NA,NA,NA,90.3,5.21,56,0,66,A,18.6,2.54867235
LH5-2B,NY,LH,LH5,LH.5,1.459,1.89,2.99,2.86,3,75,6.1,17,9,49,B,12.8,2.154234962
LH5-2C,NY,LH,LH5,LH.5,1.5,1.94,3,2.76,3,94.6,6.7,31,2,54,C,13.1,3.067046387
LH5-3B,NY,LH,LH5,LH.5,1.462,1.89,2.41,2.05,2,102.1,5.39,23,1,62,B,13.8,3.655671451
LH6-1B,NY,LH,LH6,LH.6,1.461,1.89,2.86,2.32,2,96.6,7.3,18,0,70,B,11.6,3.17466205
LH6-1C,NY,LH,LH6,LH.6,1.459,1.89,3.16,2.6,1,5.16,14,3,3,51,C,6.5,3.85012206
LH6-2A,NY,LH,LH6,LH.6,NA,NA,NA,NA,NA,78.8,8.93,12,0,61,A,7.8,2.966487489
LH6-2B,NY,LH,LH6,LH.6,1.471,1.9,2.9,2.56,2,97.1,5.7,19,2,58,B,8.9,2.827433388
LH6-2C,NY,LH,LH6,LH.6,NA,NA,NA,NA,NA,76,6.4,7,0,65,C,6.9,3.850122061
LH6-3A,NY,LH,LH6,LH.6,NA,NA,NA,NA,NA,NA,NA,NA,NA,70,A,1.8,4.89069559
LH7-1A,NY,LH,LH7,LH.7,NA,NA,NA,NA,NA,98.8,11.12,24,0,66,A,15.4,3.548151703
LH7-1B,NY,LH,LH7,LH.7,NA,NA,NA,NA,NA,92.1,6.39,34,5,56,B,16.2,2.585081955
LH7-1C,NY,LH,LH7,LH.7,1.462,1.89,2.79,2.09,3,100.5,6.11,16,0,NA,C,13.1,4.021238597
LH7-2A,NY,LH,LH7,LH.7,1.493,1.93,3.64,3.56,1,113.2,9.87,7,0,68,A,11,3.414259186
LH7-2B,NY,LH,LH7,LH.7,NA,NA,NA,NA,NA,94.3,7.99,21,4,54,B,15.6,3.351032164
LH7-2C,NY,LH,LH7,LH.7,NA,NA,NA,NA,NA,81,6.93,24,1,56,C,11.7,2.261946711
LH9-1A,NY,LH,LH9,LH.9,1.458,1.89,2.85,2.29,3,66.3,5.42,13,1,57,A,6.3,2.918640917
LH9-1B,NY,LH,LH9,LH.9,NA,NA,NA,NA,NA,80.3,4.63,8,0,NA,B,3.4,5.026548246
LH9-1C,NY,LH,LH9,LH.9,1.491,1.93,3.68,2.59,3,81,5.4,16,6,51,C,8.2,2.412743158
LH9-2B,NY,LH,LH9,LH.9,NA,NA,NA,NA,NA,94.3,6.6,12,0,59,B,13.5,2.553167363
LH9-2C,NY,LH,LH9,LH.9,1.472,1.91,3.13,2.88,3,78.8,4.99,11,0,60,C,6.5,4.112630383
LH9-3A,NY,LH,LH9,LH.9,NA,NA,NA,NA,NA,NA,NA,NA,NA,NA,A,0.7,4.89069559
MC1-1A,NY,MC,MC1,MC.1,1.494,1.93,2.79,2.64,1,NA,NA,NA,NA,NA,A,5,4.112630383
MC1-1B,NY,MC,MC1,MC.1,1.478,1.91,3.36,2.65,4,100,6.5,42,7,57,B,22.2,2.234021443
MC1-1C,NY,MC,MC1,MC.1,NA,NA,NA,NA,NA,59.9,4.2,11,0,63,C,6.2,4.413554557
MC1-2A,NY,MC,MC1,MC.1,NA,NA,NA,NA,NA,82.5,6.12,12,1,66,A,8.4,3.769911184
MC1-2B,NY,MC,MC1,MC.1,1.487,1.93,2.97,2.98,4,NA,NA,NA,NA,NA,B,4.4,5.483507177
MC1-2C,NY,MC,MC1,MC.1,NA,NA,NA,NA,NA,88.3,3.9,13,0,56,C,8.2,3.933820366
MC11A-1A,NY,MC,MC11A,MC.11A,1.5,1.94,2.74,2.32,1,76.2,6,26,10,52,A,14.5,2.966487489
MC11A-1B,NY,MC,MC11A,MC.11A,NA,NA,NA,NA,NA,91.2,7.5,26,1,54,B,17.5,2.741753589
MC11a-1C,NY,MC,MC11A,MC.11A,NA,NA,NA,NA,NA,84.1,5.29,21,0,65,C,14.5,3.933820366
MC11A-2A,NY,MC,MC11A,MC.11A,1.492,1.93,3.33,3.28,1,90.4,5.1,16,0,60,A,10.3,3.619114737
MC11A-2B,NY,MC,MC11A,MC.11A,NA,NA,NA,NA,NA,99,7.91,23,2,54,B,14.5,3.231352444
MC11a-2C,NY,MC,MC11A,MC.11A,NA,NA,NA,NA,NA,72.5,6.75,5,0,NA,C,4.8,4.021238597
MC11B-1A,NY,MC,MC11B,MC.11B,NA,NA,NA,NA,NA,98.5,5.61,7,0,68,A,6.9,4.308469925
MC11B-1B,NY,MC,MC11B,MC.11B,1.489,1.93,2.4,2.11,2,131.6,6.65,23,0,60,B,21,3.548151703
MC11B-1C,NY,MC,MC11B,MC.11B,1.488,1.93,2.92,2.64,4,96.2,5.17,21,0,61,C,19.8,2.655534922
MC11B-2A,NY,MC,MC11B,MC.11B,1.518,1.97,2.5,2.27,1,110.3,8.01,15,0,65,A,11.6,3.619114737
MC11B-2B,NY,MC,MC11B,MC.11B,1.484,1.92,2.54,2.18,2,93.3,4.9,15,0,NA,B,7.1,3.769911184
MC11b-2C,NY,MC,MC11B,MC.11B,NA,NA,NA,NA,NA,94.5,8.86,4,0,NA,C,13.8,3.231352444
MC13-1B,NY,MC,MC13,MC.13,1.495,1.94,3.2,2.7,1,101.5,4.91,32,5,54,B,20.8,3.015928947
MC13-1C,NY,MC,MC13,MC.13,NA,NA,NA,NA,NA,87.2,5.25,8,0,60,C,12.9,3.933820366
MC13-2A,NY,MC,MC13,MC.13,NA,NA,NA,NA,NA,92.2,9.01,13,1,60,A,10.5,3.619114737
MC13-2B,NY,MC,MC13,MC.13,1.484,1.92,2.8,2.54,2,85.2,5.88,23,3,53,B,16.9,3.231352444
MC13-2C,NY,MC,MC13,MC.13,NA,NA,NA,NA,NA,67,5.32,23,1,NA,C,7.9,2.622546911
MC13-3A,NY,MC,MC13,MC.13,1.464,1.9,5.34,3.6,1,94,5.2,4,0,68,A,8.6,5.654866776
MC14-1A,NY,MC,MC14,MC.14,1.487,1.93,3.4,2.89,1,117,6.36,11,0,73,A,NA,3.479918016
MC14-1B,NY,MC,MC14,MC.14,1.495,1.94,3.12,2.54,2,81,4.84,11,1,56,B,8.2,3.231352444
MC14-1C,NY,MC,MC14,MC.14,NA,NA,NA,NA,NA,83.6,4.3,10,0,58,C,7,2.700831893
MC14-2A,NY,MC,MC14,MC.14,1.54,1.99,3.14,3.27,1,112.2,6.91,9,0,68,A,NA,2.918640917
MC14-2B,NY,MC,MC14,MC.14,1.486,1.92,2.56,2.38,4,97.6,4.52,35,3,59,B,17.7,2.54867235
MC14-2C,NY,MC,MC14,MC.14,NA,NA,NA,NA,NA,99.1,5.65,23,0,63,C,13.7,3.17466205
MC3-1A,NY,MC,MC3,MC.3,1.471,1.9,2.91,2.53,1,113.4,6.3,4,0,68,A,12.5,4.112630383
MC3-1B,NY,MC,MC3,MC.3,1.461,1.89,2.55,2.41,2,99.4,5.92,17,0,67,B,16.2,4.308469925
MC3-1C,NY,MC,MC3,MC.3,NA,NA,NA,NA,NA,83.9,6.24,28,0,65,C,19.3,2.585081955
MC3-2A,NY,MC,MC3,MC.3,NA,NA,NA,NA,NA,87,6.24,7,0,66,A,6.1,4.347284969
MC3-2B,NY,MC,MC3,MC.3,1.463,1.89,3,2.65,2,92,5.75,43,0,60,B,18.2,2.154234962
MC3-2C,NY,MC,MC3,MC.3,NA,NA,NA,NA,NA,94,6.06,43,0,60,C,20.3,2.966487489
MC4-1A,NY,MC,MC4,MC.4,NA,NA,NA,NA,NA,98.6,5.63,14,0,59,A,6.8,3.548151703
MC4-1B,NY,MC,MC4,MC.4,1.491,1.93,2.5,2.41,2,90.8,5.6,21,2,53,B,13.9,3.015928947
MC4-1C,NY,MC,MC4,MC.4,NA,NA,NA,NA,NA,71.5,5.89,19,1,58,C,14.4,2.966487489
MC4-2A,NY,MC,MC4,MC.4,1.495,1.94,2.9,2.59,1,68.8,4.5,10,0,62,A,5.1,5.483507177
MC4-2B,NY,MC,MC4,MC.4,1.475,1.91,3.31,2.63,4,110.1,8.41,34,2,63,B,23.1,4.021238597
MC4-2C,NY,MC,MC4,MC.4,NA,NA,NA,NA,NA,104,7.6,28,0,69,C,15.2,4.761993075
MC7-1B,NY,MC,MC7,MC.7,NA,NA,NA,NA,NA,120.1,6.92,24,0,62,B,17.7,2.622546911
MC7-1C,NY,MC,MC7,MC.7,NA,NA,NA,NA,NA,119.8,6.34,22,0,63,C,15.1,3.414259186
MC7-2A,NY,MC,MC7,MC.7,1.531,1.98,3.82,3.57,1,132.8,8,27,0,65,A,19.4,3.692974221
MC7-2B,NY,MC,MC7,MC.7,NA,NA,NA,NA,NA,106.3,6.23,14,0,58,B,12.9,3.119926497
MC7-2C,NY,MC,MC7,MC.7,1.48,1.92,3.06,2.08,3,112,6.5,5,0,69,C,15.5,2.966487489
MC7-3A,NY,MC,MC7,MC.7,1.499,1.94,3.88,3.83,1,117.6,5,17,0,65,A,15.7,2.206777279
MC8-1A,NY,MC,MC8,MC.8,NA,NA,NA,NA,NA,82,5.62,20,0,63,A,14.2,2.741753589
MC8-1B,NY,MC,MC8,MC.8,1.48,1.92,3,2.13,4,93.2,5.32,23,0,70,B,18.4,2.966487489
MC8-1C,NY,MC,MC8,MC.8,1.492,1.93,3.02,2.55,3,62.5,5.21,0,0,NA,C,9.9,3.692974221
MC8-2B,NY,MC,MC8,MC.8,NA,NA,NA,NA,NA,99.4,6.37,23,1,57,B,17,3.933820366
MC8-2C,NY,MC,MC8,MC.8,1.493,1.93,2.95,2.3,3,96.1,5.09,9,0,68,C,16.2,3.850122061
MC8-3B,NY,MC,MC8,MC.8,NA,NA,NA,NA,NA,106.2,7.1,11,1,NA,B,14.6,2.872313283
MC9-1B,NY,MC,MC9,MC.9,NA,NA,NA,NA,NA,93.4,7.3,0,0,NA,B,8.1,4.413554557
MC9-1C,NY,MC,MC9,MC.9,NA,NA,NA,NA,NA,85,5.75,27,0,60,C,10.6,3.850122061
MC9-2A,NY,MC,MC9,MC.9,NA,NA,NA,NA,NA,102.5,5.73,11,1,60,A,12.2,4.639890688
MC9-2B,NY,MC,MC9,MC.9,1.477,1.91,3.23,3.71,2,74.3,4.85,11,0,57,B,6.2,3.17466205
MC9-2C,NY,MC,MC9,MC.9,1.507,1.95,2.8,2.27,3,96.8,6.75,31,0,58,C,16.2,3.933820366
MC9-3A,NY,MC,MC9,MC.9,1.495,1.94,3.7,3.18,1,106.7,5.56,22,0,68,A,11.9,3.769911184
MP1-1A,NY,MP,MP1,MP.1,1.517,1.96,3.02,2.68,1,NA,NA,NA,NA,NA,A,6.1,2.104136475
MP1-1C,NY,MP,MP1,MP.1,NA,NA,NA,NA,NA,102.5,5.3,13,0,63,C,1.9,3.619114737
MP1-2A,NY,MP,MP1,MP.1,1.506,1.95,3.11,2.65,1,95.2,5.99,1,0,54,A,8.4,4.761993075
MP1-2B,NY,MP,MP1,MP.1,NA,NA,NA,NA,NA,108,7.5,22,0,58,B,17.3,3.933820366
MP1-3A,NY,MP,MP1,MP.1,NA,NA,NA,NA,NA,NA,NA,NA,NA,54,A,1.2,5.026548246
MP1-3B,NY,MP,MP1,MP.1,1.51,1.96,3.56,2.54,4,NA,NA,NA,NA,44,B,8,3.479918016
MP12-1A,NY,MP,MP12,MP.12,1.495,1.94,3.19,2.67,1,83.5,5.03,17,4,73,A,4.2,5.17016391
MP12-1B,NY,MP,MP12,MP.12,1.535,1.99,3.07,2.46,4,91.1,5.6,29,13,49,B,17.7,3.692974221
MP12-1C,NY,MP,MP12,MP.12,NA,NA,NA,NA,NA,85.8,6,17,1,27,C,9.3,4.639890688
MP12-2A,NY,MP,MP12,MP.12,NA,NA,NA,NA,NA,92.4,5.9,13,0,59,A,6.8,2.827433388
MP12-2B,NY,MP,MP12,MP.12,1.498,1.94,3.29,2.58,4,105.5,5.85,22,1,62,B,20.1,2.827433388
MP12-2C,NY,MP,MP12,MP.12,NA,NA,NA,NA,NA,89,6.92,30,1,56,C,12.9,3.548151703
MP14-1A,NY,MP,MP14,MP.14,NA,NA,NA,NA,NA,66.7,5.21,11,0,60,A,4.2,2.966487489
MP14-1B,NY,MP,MP14,MP.14,1.763,2.28,3.97,3.26,4,83.6,4.5,12,2,57,B,10.7,3.619114737
MP14-1C,NY,MP,MP14,MP.14,1.68,2.18,2.92,2.11,3,70,4.5,4,0,NA,C,7.8,2.827433388
MP14-2A,NY,MP,MP14,MP.14,NA,NA,NA,NA,NA,NA,NA,NA,NA,NA,A,1,5.322227554
MP14-2B,NY,MP,MP14,MP.14,1.608,2.08,4.6,3.92,4,68,8.3,11,4,51,B,6.6,3.692974221
MP14-2C,NY,MP,MP14,MP.14,NA,NA,NA,NA,NA,75,4.8,10,0,65,C,6.4,3.414259186
MP15-1A,NY,MP,MP15,MP.15,1.509,1.95,3.65,3.17,1,88.9,7.77,19,1,53,A,13.9,4.523893421
MP15-1B,NY,MP,MP15,MP.15,1.537,1.99,2.49,2.51,2,69.7,4.91,20,11,49,B,10.4,2.622546911
MP15-1C,NY,MP,MP15,MP.15,NA,NA,NA,NA,NA,80.6,4.22,9,3,51,C,12.1,4.308469925
MP15-2B,NY,MP,MP15,MP.15,1.48,1.92,3.21,2.83,2,70.3,3.5,15,1,54,B,6.7,3.479918016
MP15-2C,NY,MP,MP15,MP.15,NA,NA,NA,NA,NA,66,3.42,15,0,54,C,4.4,4.523893421
MP2-1B,NY,MP,MP2,MP.2,1.481,1.92,2.62,2.29,2,NA,NA,NA,NA,NA,B,10.2,3.119926497
MP2-1C,NY,MP,MP2,MP.2,NA,NA,NA,NA,NA,NA,NA,NA,NA,NA,C,6.5,4.523893421
MP2-2A,NY,MP,MP2,MP.2,NA,NA,NA,NA,NA,96.7,6.64,29,2,55,A,22.6,3.850122061
MP2-2B,NY,MP,MP2,MP.2,1.501,1.94,3.75,2.67,4,85.3,4.7,38,19,NA,B,22.1,3.216990877
MP2-2C,NY,MP,MP2,MP.2,1.505,1.95,2.92,2.51,3,74.5,4.2,15,1,55,C,5.8,5.17016391
MP2-3A,NY,MP,MP2,MP.2,NA,NA,NA,NA,NA,95.9,5.5,14,1,55,A,12.5,3.414259186
MP4-1A,NY,MP,MP4,MP.4,NA,NA,NA,NA,NA,54.2,3.77,0,0,NA,A,1,5.585053606
MP4-1B,NY,MP,MP4,MP.4,1.479,1.92,4.43,3.43,4,67.7,5.68,26,1,62,B,8.4,4.308469925
MP4-1C,NY,MP,MP4,MP.4,1.485,1.92,3.25,2.63,4,78.5,4.96,10,0,63,C,19.4,3.351032164
MP4-2B,NY,MP,MP4,MP.4,1.489,1.93,2.91,2.1,2,81.6,5.48,12,0,56,B,8.1,4.308469925
MP4-2C,NY,MP,MP4,MP.4,NA,NA,NA,NA,NA,86.6,4.4,17,1,60,C,10.5,3.850122061
MP4-3A,NY,MP,MP4,MP.4,NA,NA,NA,NA,NA,NA,NA,NA,NA,NA,A,1.6,5.837281834
MP5-1A,NY,MP,MP5,MP.5,NA,NA,NA,NA,NA,NA,NA,NA,NA,NA,A,3.9,4.112630383
MP5-1B,NY,MP,MP5,MP.5,1.531,1.98,2.87,2.09,4,99.4,4.43,15,0,59,B,12.9,3.619114737
MP5-1C,NY,MP,MP5,MP.5,NA,NA,NA,NA,NA,102,5.4,13,0,NA,C,8.6,4.89069559
MP5-2B,NY,MP,MP5,MP.5,1.538,1.99,3.02,2.43,2,NA,NA,NA,NA,NA,B,10.2,2.585081955
MP5-3A,NY,MP,MP5,MP.5,1.55,2.01,3.99,3.06,1,117.1,6.06,9,0,73,A,15.5,2.234021443
MP6-1A,NY,MP,MP6,MP.6,NA,NA,NA,NA,NA,NA,NA,NA,NA,NA,A,4.5,4.413554557
MP6-1B,NY,MP,MP6,MP.6,1.497,1.94,3.88,3.01,4,NA,NA,NA,NA,NA,B,15.4,2.872313283
MP6-1C,NY,MP,MP6,MP.6,1.504,1.95,2.48,2.02,3,NA,NA,NA,NA,NA,C,9,4.112630383
MP6-2A,NY,MP,MP6,MP.6,NA,NA,NA,NA,NA,83,6.6,19,0,68,A,14.8,5.17016391
MP6-2B,NY,MP,MP6,MP.6,1.534,1.99,2.87,3.13,4,NA,NA,NA,NA,NA,B,9,3.933820366
MP6-2C,NY,MP,MP6,MP.6,NA,NA,NA,NA,NA,91.5,5.65,4,0,67,C,19.1,2.827433388
MP7-1A,NY,MP,MP7,MP.7,1.512,1.96,4.77,3.84,1,88.6,6.35,27,0,51,A,11.3,4.347284969
MP7-1B,NY,MP,MP7,MP.7,1.512,1.96,3.34,2.6,4,102.4,5.64,29,3,57,B,17.3,2.154234962
MP7-1C,NY,MP,MP7,MP.7,NA,NA,NA,NA,NA,94.3,5.89,21,1,57,C,21.2,4.761993075
MP7-2B,NY,MP,MP7,MP.7,NA,NA,NA,NA,NA,100.6,7.93,24,1,56,B,14.6,3.17466205
MP7-2C,NY,MP,MP7,MP.7,1.529,1.98,2.73,2.22,3,79.1,4.7,10,0,60,C,9.1,4.89069559
MP7-3A,NY,MP,MP7,MP.7,NA,NA,NA,NA,NA,92.2,7.4,19,0,58,A,22.5,3.17466205
MP9-1A,NY,MP,MP9,MP.9,NA,NA,NA,NA,NA,66.4,6.6,6,0,73,A,5.4,3.414259186
MP9-1B,NY,MP,MP9,MP.9,1.499,1.94,3.66,2.95,4,104.4,5.38,19,0,NA,B,14,5.026548246
MP9-1C,NY,MP,MP9,MP.9,1.49,1.93,3.8,2.97,4,64.2,6.85,28,1,58,C,18.4,3.093260459
MP9-2B,NY,MP,MP9,MP.9,1.502,1.95,2.91,2.32,4,76.7,4.64,27,8,57,B,22.5,3.414259186
MP9-2C,NY,MP,MP9,MP.9,NA,NA,NA,NA,NA,78,5.8,18,1,54,C,12.6,4.523893421
MP9-3A,NY,MP,MP9,MP.9,NA,NA,NA,NA,NA,70.5,6.57,26,0,60,A,13.7,4.112630383
PR1-1A,VT,PR,PR1,PR.1,1.476,1.91,2.88,2.64,1,69.8,8.08,13,2,57,A,11,2.47884571
PR1-1B,VT,PR,PR1,PR.1,1.45,1.88,3.87,3.5,4,62.2,5.62,25,5,49,B,18.5,2.180189601
PR1-1C,VT,PR,PR1,PR.1,NA,NA,NA,NA,NA,60.1,4.08,12,8,47,C,11.1,2.741753589
PR1-2B,VT,PR,PR1,PR.1,1.441,1.87,3.82,2.94,4,59,5.4,24,15,42,B,12.7,2.872313283
PR1-2C,VT,PR,PR1,PR.1,NA,NA,NA,NA,NA,72.5,5.38,13,1,61,C,8.9,4.308469925
PR1-3A,VT,PR,PR1,PR.1,1.468,1.9,3.51,2.51,1,76.8,5.25,12,3,57,A,9.6,3.119926497
PR11-1A,VT,PR,PR11,PR.11,1.472,1.91,2.73,2.44,1,100,4.85,14,3,55,A,16.6,3.692974221
PR11-1B,VT,PR,PR11,PR.11,NA,NA,NA,NA,NA,59.4,3.88,10,9,45,B,6,3.619114737
PR11-1C,VT,PR,PR11,PR.11,1.451,1.88,3.65,2.53,3,57.3,3.52,5,1,60,C,5.5,3.351032164
PR11-2B,VT,PR,PR11,PR.11,1.457,1.89,2.7,3.37,2,73.5,4.32,3,2,60,B,13.6,3.850122061
PR11-2C,VT,PR,PR11,PR.11,NA,NA,NA,NA,NA,58.5,3.3,11,2,61,C,5,1.945760611
PR11-3A,VT,PR,PR11,PR.11,NA,NA,NA,NA,NA,64.7,3.82,27,12,54,A,19,3.479918016
PR12-1A,VT,PR,PR12,PR.12,1.475,1.91,3.04,2.42,1,70.6,6.43,13,10,NA,A,9.7,3.619114737
PR12-1B,VT,PR,PR12,PR.12,1.443,1.87,3.62,2.42,4,73.1,5.34,13,8,63,B,9.3,2.783934413
PR12-1C,VT,PR,PR12,PR.12,NA,NA,NA,NA,NA,67.7,5.56,0,0,NA,C,2.5,8.61693985
PR12-2B,VT,PR,PR12,PR.12,1.474,1.91,2.82,2.27,2,64.2,3.98,9,0,57,B,5.7,3.692974221
PR12-2C,VT,PR,PR12,PR.12,NA,NA,NA,NA,NA,66.6,3.67,6,1,60,C,8.7,4.20827295
PR12-3A,VT,PR,PR12,PR.12,NA,NA,NA,NA,NA,70.8,5.6,26,11,52,A,9.3,4.89069559
PR16-1A,VT,PR,PR16,PR.16,NA,NA,NA,NA,NA,72.2,5,24,16,52,A,13.8,3.015928947
PR16-1B,VT,PR,PR16,PR.16,1.468,1.9,2.54,2.26,2,82.4,6.9,33,10,50,B,21.1,3.119926497
PR16-1C,VT,PR,PR16,PR.16,1.454,1.88,3.07,2.72,4,63.5,5.4,21,10,49,C,13.2,2.47884571
PR16-2A,VT,PR,PR16,PR.16,NA,NA,NA,NA,NA,80.5,5.6,15,0,63,A,12.6,3.231352444
PR16-2B,VT,PR,PR16,PR.16,1.447,1.87,3.07,2.24,4,57,5.16,25,12,62,B,17.8,1.988524581
PR16-2C,VT,PR,PR16,PR.16,NA,NA,NA,NA,NA,57.5,5.69,22,5,54,C,11.5,2.412743158
PR19-1A,VT,PR,PR19,PR.19,1.483,1.92,2.82,2.48,1,61.4,8.29,22,11,52,A,11.5,2.234021443
PR19-1B,VT,PR,PR19,PR.19,NA,NA,NA,NA,NA,85.6,5.5,25,6,52,B,14.6,3.933820366
PR19-1C,VT,PR,PR19,PR.19,1.437,1.86,3.08,2.26,3,83.5,5.3,33,5,52,C,18.6,2.741753589
PR19-2A,VT,PR,PR19,PR.19,NA,NA,NA,NA,NA,84.9,4.5,17,9,53,A,11.8,3.015928947
PR19-2B,VT,PR,PR19,PR.19,1.462,1.89,2.89,2.22,2,74,5.54,19,1,57,B,16.3,3.119926497
PR19-2C,VT,PR,PR19,PR.19,1.479,1.92,2.85,2.83,3,76.8,5.14,17,7,52,C,18.8,2.918640917
PR20-1A,VT,PR,PR20,PR.20,NA,NA,NA,NA,NA,86.7,6.35,12,1,57,A,11,3.231352444
PR20-1B,VT,PR,PR20,PR.20,1.443,1.87,3.22,2.15,2,59,6,13,12,45,B,9.3,3.119926497
PR20-1C,VT,PR,PR20,PR.20,1.46,1.89,2.93,2.54,3,70.8,5.11,13,2,55,C,9.4,3.17466205
PR20-2A,VT,PR,PR20,PR.20,NA,NA,NA,NA,NA,35.7,5.1,8,0,61,A,14.1,2.412743158
PR20-2B,VT,PR,PR20,PR.20,1.453,1.88,2.84,2.23,2,53.5,5.1,17,10,46,B,9.8,3.619114737
PR20-3C,VT,PR,PR20,PR.20,NA,NA,NA,NA,NA,59,6.68,21,6,51,C,13.8,3.548151703
PR22-1B,VT,PR,PR22,PR.22,1.462,1.89,3.19,2.76,1,71,4.28,8,8,49,B,13,3.351032164
PR22-1C,VT,PR,PR22,PR.22,1.452,1.88,2.91,2.61,2,63,5.02,9,2,60,C,4.9,4.761993075
PR22-2A,VT,PR,PR22,PR.22,1.45,1.88,3.16,2.72,1,73.8,4.92,11,6,53,A,7.7,3.923159606
PR22-2B,VT,PR,PR22,PR.22,NA,NA,NA,NA,NA,60.2,3.63,8,3,53,B,13.2,2.622546911
PR22-2C,VT,PR,PR22,PR.22,1.5,1.94,3.89,3.72,3,54.5,3.4,5,4,49,C,5.6,3.850122061
PR22-3A,VT,PR,PR22,PR.22,1.461,1.89,2.74,2.56,1,73,5.55,18,12,53,A,12.3,2.585081955
PR3-1A,VT,PR,PR3,PR.3,1.497,1.94,3.7,3.62,1,64,5.9,11,0,63,A,11.7,3.17466205
PR3-1B,VT,PR,PR3,PR.3,1.462,1.89,3.69,3.16,4,61,4.38,6,6,67,B,9,4.89069559
PR3-2B,VT,PR,PR3,PR.3,NA,NA,NA,NA,NA,63,5.43,14,6,50,B,12.1,2.700831893
PR3-2C,VT,PR,PR3,PR.3,NA,NA,NA,NA,NA,53,5.28,13,9,48,C,13.5,1.966910183
PR3-3A,VT,PR,PR3,PR.3,NA,NA,NA,NA,NA,NA,NA,NA,NA,NA,A,6.7,4.112630383
PR3-3C,VT,PR,PR3,PR.3,1.44,1.86,3.27,2.35,3,61.5,4.5,6,2,56,C,7.7,2.661113777
PR7-1A,VT,PR,PR7,PR.7,NA,NA,NA,NA,NA,62.1,5.26,25,6,55,A,11.7,2.54867235
PR7-1B,VT,PR,PR7,PR.7,NA,NA,NA,NA,NA,58.7,6.9,31,4,52,B,17.2,2.741753589
PR7-1C,VT,PR,PR7,PR.7,NA,NA,NA,NA,NA,73.1,5.1,10,1,64,C,4.9,4.413554557
PR7-2B,VT,PR,PR7,PR.7,1.469,1.9,2.63,2.59,2,71.2,7.03,29,4,53,B,20,3.290104306
PR7-2C,VT,PR,PR7,PR.7,1.467,1.9,2.77,2.72,3,84.2,5.72,24,1,61,C,12.5,2.918640917
PR7-3A,VT,PR,PR7,PR.7,1.52,1.97,3.36,3.85,1,76.6,6.07,15,1,59,A,12.5,3.414259186
PR9-1A,VT,PR,PR9,PR.9,1.459,1.89,3.11,3.19,1,64.5,5.4,5,1,59,A,5.3,2.918640917
PR9-1B,VT,PR,PR9,PR.9,NA,NA,NA,NA,NA,69.6,6.2,32,13,45,B,17.1,3.119926497
PR9-1C,VT,PR,PR9,PR.9,NA,NA,NA,NA,NA,84.5,6.13,27,0,55,C,14.2,3.290104306
PR9-2A,VT,PR,PR9,PR.9,NA,NA,NA,NA,NA,52.3,4.48,9,5,47,A,4.4,3.692974221
PR9-2C,VT,PR,PR9,PR.9,NA,NA,NA,NA,NA,55,4.4,18,4,55,C,10.9,3.414259186
PR9-3A,VT,PR,PR9,PR.9,1.463,1.89,3.07,2.43,1,NA,NA,NA,NA,NA,A,6.2,2.918640917
RM12-1A,VT,RM,RM12,RM.12,NA,NA,NA,NA,NA,61,4.7,14,6,47,A,8.5,4.112630383
RM12-1B,VT,RM,RM12,RM.12,1.466,1.9,3.82,3.13,4,67,6.65,18,0,44,B,12.9,2.872313283
RM12-1C,VT,RM,RM12,RM.12,NA,NA,NA,NA,NA,61.3,4.93,19,3,52,C,11.8,3.414259186
RM12-2A,VT,RM,RM12,RM.12,1.479,1.92,3.32,2.73,1,84.9,5.86,18,8,53,A,17.2,3.850122061
RM12-2B,VT,RM,RM12,RM.12,1.456,1.89,3.61,2.96,4,63.7,5.3,24,10,53,B,13.3,2.585081955
RM12-2C,VT,RM,RM12,RM.12,NA,NA,NA,NA,NA,71,4.3,9,2,55,C,10.8,2.445347795
RM15-1B,VT,RM,RM15,RM.15,NA,NA,NA,NA,NA,90.4,5.43,10,0,62,B,11.3,2.445347795
RM15-1C,VT,RM,RM15,RM.15,NA,NA,NA,NA,NA,62.8,5.07,3,1,60,C,7.3,4.021238597
RM15-2B,VT,RM,RM15,RM.15,1.459,1.89,2.82,2.52,2,NA,NA,NA,NA,NA,B,3.6,4.20827295
RM15-2C,VT,RM,RM15,RM.15,1.448,1.88,3.41,2.5,4,79.6,4.35,11,7,54,C,11.6,3.414259186
RM15-3B,VT,RM,RM15,RM.15,1.444,1.87,3.07,2.99,4,NA,NA,NA,NA,NA,B,14.7,2.445347795
RM15-3C,VT,RM,RM15,RM.15,NA,NA,NA,NA,NA,11.5,6.9,11,2,61,C,10,2.104136475
RM5-1A,VT,RM,RM5,RM.5,NA,NA,NA,NA,NA,NA,NA,NA,NA,NA,A,4.8,4.523893421
RM5-1B,VT,RM,RM5,RM.5,1.471,1.9,3.03,2.95,3,61.1,5.02,43,35,46,B,20.5,2.783934413
RM5-1C,VT,RM,RM5,RM.5,1.458,1.89,2.9,2.18,3,57.2,3.92,17,2,49,C,13.5,3.619114737
RM5-2B,VT,RM,RM5,RM.5,1.468,1.9,2.77,2.67,3,86.4,5.5,21,6,53,B,16.7,2.350074505
RM5-2C,VT,RM,RM5,RM.5,1.452,1.88,2.79,2.38,3,58.2,4.24,16,5,52,C,12.8,2.622546911
RM5-3A,VT,RM,RM5,RM.5,NA,NA,NA,NA,NA,74.5,6.65,4,1,61,A,9,3.479918016
RM51-1A,VT,RM,RM51,RM.51,NA,NA,NA,NA,NA,71.1,6.25,7,0,73,A,4.5,2.872313283
RM51-1B,VT,RM,RM51,RM.51,NA,NA,NA,NA,NA,NA,NA,NA,NA,NA,B,4.9,2.622546911
RM51-1C,VT,RM,RM51,RM.51,1.458,1.89,2.96,2.37,3,63.5,5.7,9,2,56,C,8.5,3.414259186
RM51-2A,VT,RM,RM51,RM.51,NA,NA,NA,NA,NA,NA,NA,NA,NA,NA,A,6.1,2.234021443
RM51-2B,VT,RM,RM51,RM.51,1.458,1.89,3.73,3.27,4,92.3,6.3,18,4,60,B,14.3,3.619114737
RM51-2C,VT,RM,RM51,RM.51,1.455,1.88,3.2,2.79,3,92,5.5,28,8,51,C,15,3.548151703
RM52-1A,VT,RM,RM52,RM.52,NA,NA,NA,NA,NA,56,4.26,21,19,47,A,13.7,3.619114737
RM52-1B,VT,RM,RM52,RM.52,1.464,1.9,2.44,2.31,2,71.5,5.78,24,14,49,B,13.4,2.741753589
RM52-1C,VT,RM,RM52,RM.52,1.464,1.9,2.8,2.36,3,71.5,4.9,28,13,52,C,22.6,2.585081955
RM52-2B,VT,RM,RM52,RM.52,NA,NA,NA,NA,NA,90.8,8.3,23,2,56,B,15.7,4.20827295
RM52-2C,VT,RM,RM52,RM.52,NA,NA,NA,NA,NA,64.3,4.91,24,6,54,C,13.3,2.474608367
RM52-3A,VT,RM,RM52,RM.52,1.472,1.91,3.77,3.04,1,65.3,4.6,10,16,49,A,8.4,3.850122061
RM53-1A,VT,RM,RM53,RM.53,NA,NA,NA,NA,NA,85,5.61,16,3,56,A,13.1,3.769911184
RM53-1B,VT,RM,RM53,RM.53,1.446,1.87,3.25,2.97,4,88,5.23,22,12,49,B,17,3.351032164
RM53-2A,VT,RM,RM53,RM.53,NA,NA,NA,NA,NA,87.5,6.08,16,4,54,A,12.8,2.700831893
RM53-2B,VT,RM,RM53,RM.53,1.45,1.88,4.04,3.14,4,60.4,5.2,29,19,56,B,18.5,3.548151703
RM53-2C,VT,RM,RM53,RM.53,NA,NA,NA,NA,NA,66,5.3,27,6,51,C,11.8,3.414259186
RM53-3A,VT,RM,RM53,RM.53,1.462,1.89,3.25,3.01,1,98.2,7.3,15,0,60,A,10.6,4.021238597
RM54-1A,VT,RM,RM54,RM.54,1.467,1.9,3.07,2.28,1,NA,NA,NA,NA,NA,A,7.2,4.523893421
RM54-1B,VT,RM,RM54,RM.54,1.453,1.88,3.4,3.05,3,60.3,4.5,9,7,50,B,9.6,2.445347795
RM54-1C,VT,RM,RM54,RM.54,NA,NA,NA,NA,NA,59.5,5.23,6,0,63,C,9.2,3.414259186
RM54-2A,VT,RM,RM54,RM.54,NA,NA,NA,NA,NA,NA,NA,NA,NA,NA,A,8.3,4.523893421
RM54-2B,VT,RM,RM54,RM.54,1.447,1.87,3.95,3.35,4,70,5.06,9,8,49,B,11.3,3.414259186
RM54-2C,VT,RM,RM54,RM.54,NA,NA,NA,NA,NA,77.3,6.56,8,0,63,C,12.4,3.231352444
RM56-1A,VT,RM,RM56,RM.56,1.455,1.88,2.92,2.91,1,NA,NA,NA,NA,NA,A,2.6,4.89069559
RM56-1B,VT,RM,RM56,RM.56,1.473,1.91,3.11,2.8,3,98.7,5.4,28,11,50,B,17.4,4.021238597
RM56-1C,VT,RM,RM56,RM.56,NA,NA,NA,NA,NA,61.2,4.75,11,7,50,C,10.9,4.20827295
RM56-2B,VT,RM,RM56,RM.56,1.444,1.87,3.51,2.82,2,89.3,5.71,23,11,53,B,13.9,3.692974221
RM56-2C,VT,RM,RM56,RM.56,NA,NA,NA,NA,NA,56,4.81,14,4,56,C,2.7,3.850122061
RM6-1A,VT,RM,RM6,RM.6,1.498,1.94,3.01,3.14,1,NA,NA,NA,NA,NA,A,6.6,4.413554557
RM6-1B,VT,RM,RM6,RM.6,NA,NA,NA,NA,NA,90.9,5.9,22,0,65,B,18.3,3.414259186
RM6-1C,VT,RM,RM6,RM.6,NA,NA,NA,NA,NA,NA,NA,NA,NA,NA,C,4.4,3.933820366
RM6-2A,VT,RM,RM6,RM.6,1.488,1.93,3,3.28,1,78.6,6.46,12,7,52,A,13.6,3.17466205
RM6-2B,VT,RM,RM6,RM.6,1.461,1.89,2.78,2.57,2,71.6,4.6,17,2,56,B,12.7,3.769911184
RM6-2C,VT,RM,RM6,RM.6,NA,NA,NA,NA,NA,75,4.74,16,1,56,C,8.9,3.548151703
RM8-1A,VT,RM,RM8,RM.8,NA,NA,NA,NA,NA,86.2,4.72,13,0,61,A,9.3,4.021238597
RM8-1C,VT,RM,RM8,RM.8,NA,NA,NA,NA,NA,72.5,8.25,9,7,51,C,6.3,3.769911184
RM8-2A,VT,RM,RM8,RM.8,1.466,1.9,3.17,2.5,4,74.3,5.4,18,12,54,A,12.6,2.918640917
RM8-2B,VT,RM,RM8,RM.8,1.477,1.91,3.03,2.85,4,64.5,4.9,66,32,70,B,20.3,3.119926497
RM8-2C,VT,RM,RM8,RM.8,NA,NA,NA,NA,NA,NA,NA,NA,NA,NA,C,14.6,3.850122061
RM8-3B,VT,RM,RM8,RM.8,1.48,1.92,3.07,2.95,4,94,4.49,19,0,49,B,9.4,5.026548246
SH1-1A,VT,SH,SH1,SH.1,1.463,1.89,2.4,2.37,1,84.3,8.87,18,0,57,A,12.6,3.351032164
SH1-1B,VT,SH,SH1,SH.1,1.458,1.89,2.85,2.63,2,85.4,5,19,5,52,B,14.1,NA
SH1-1C,VT,SH,SH1,SH.1,NA,NA,NA,NA,NA,75.4,6.51,3,0,NA,C,8.8,4.112630383
SH1-2B,VT,SH,SH1,SH.1,1.469,1.9,2.79,2.37,2,70.5,5.13,37,14,NA,B,18.4,3.479918016
SH1-2C,VT,SH,SH1,SH.1,NA,NA,NA,NA,NA,61.5,4.65,12,1,58,C,10.1,3.414259186
SH1-4B,VT,SH,SH1,SH.1,1.452,1.88,2.48,2.09,2,68.1,5.41,16,9,53,B,12.8,2.622546911
SH14-1B,VT,SH,SH14,SH.14,NA,NA,NA,NA,NA,58.6,4.4,27,12,44,B,15.5,3.850122061
SH14-1C,VT,SH,SH14,SH.14,1.45,1.88,2.79,2.41,3,79.6,5.1,16,1,56,C,14.8,2.319945344
SH14-2A,VT,SH,SH14,SH.14,1.467,1.9,2.5,2.33,1,80,4.92,31,13,52,A,15.4,3.290104306
SH14-2B,VT,SH,SH14,SH.14,NA,NA,NA,NA,NA,67.6,5.39,24,4,49,B,12.9,2.966487489
SH14-2C,VT,SH,SH14,SH.14,NA,NA,NA,NA,NA,102,7.59,9,0,NA,C,12.1,5.17016391
SH14-3A,VT,SH,SH14,SH.14,1.469,1.9,3.11,2.59,1,80.4,6.76,17,3,54,A,9.4,2.827433388
SH17-1A,VT,SH,SH17,SH.17,1.474,1.91,3.32,3.11,1,64,4.14,8,0,61,A,11.8,3.414259186
SH17-1B,VT,SH,SH17,SH.17,1.458,1.89,2.7,2.31,2,61,4.72,30,18,49,B,17.3,2.783934413
SH17-1C,VT,SH,SH17,SH.17,NA,NA,NA,NA,NA,68,6.13,3,0,NA,C,11.4,2.513274123
SH17-2A,VT,SH,SH17,SH.17,1.444,1.87,3.87,4.01,1,90,4.54,6,0,65,A,9.2,3.933820366
SH17-2B,VT,SH,SH17,SH.17,1.464,1.9,3.87,2.91,4,70.5,4.9,16,7,NA,B,14.4,1.945760611
SH17-3A,VT,SH,SH17,SH.17,NA,NA,NA,NA,NA,82,4.46,17,3,56,A,14.1,4.021238597
SH17-3C,VT,SH,SH17,SH.17,NA,NA,NA,NA,NA,92,5.66,15,1,60,C,16.4,3.923159606
SH18-1B,VT,SH,SH18,SH.18,1.45,1.88,2.8,2.54,2,62.1,4.65,13,9,45,B,10.9,2.827433388
SH18-1C,VT,SH,SH18,SH.18,1.46,1.89,2.85,2.53,3,69.2,6.8,16,5,49,C,9,4.523893421
SH18-2A,VT,SH,SH18,SH.18,NA,NA,NA,NA,NA,77.3,6.2,22,12,NA,A,11.9,3.231352444
SH18-2B,VT,SH,SH18,SH.18,1.45,1.88,2.6,2.37,2,56.3,5.39,6,0,52,B,6.4,3.414259186
SH18-2C,VT,SH,SH18,SH.18,NA,NA,NA,NA,NA,85.5,6.1,21,6,49,C,13.6,3.769911184
SH18-3A,VT,SH,SH18,SH.18,NA,NA,NA,NA,NA,96.1,11.13,11,1,47,A,NA,3.17466205
SH23-1A,VT,SH,SH23,SH.23,NA,NA,NA,NA,NA,90.9,4.31,8,0,73,A,8.3,5.026548246
SH23-1B,VT,SH,SH23,SH.23,1.5,1.94,2.73,2.29,2,63.5,4.43,14,10,46,B,12.1,3.17466205
SH23-1C,VT,SH,SH23,SH.23,1.456,1.89,2.81,1.85,3,63.3,4.77,10,7,49,C,13.9,2.872313283
SH23-2A,VT,SH,SH23,SH.23,NA,NA,NA,NA,NA,81.1,4.49,29,5,52,A,10.5,3.769911184
SH23-2B,VT,SH,SH23,SH.23,1.476,1.91,2.38,2.14,2,67.8,4.2,14,8,51,B,8,4.523893421
SH23-2C,VT,SH,SH23,SH.23,NA,NA,NA,NA,NA,52,2.12,12,2,60,C,12.2,2.872313283
SH24-1A,VT,SH,SH24,SH.24,NA,NA,NA,NA,NA,75.2,6.62,15,6,53,A,12.7,3.067046387
SH24-1B,VT,SH,SH24,SH.24,1.482,1.92,3.36,3.59,2,NA,NA,NA,NA,NA,B,3.7,6.239852995
SH24-1C,VT,SH,SH24,SH.24,1.475,1.91,3.42,3.52,3,60.5,4.92,29,23,42,C,20.2,3.496729214
SH24-2B,VT,SH,SH24,SH.24,1.45,1.88,2.74,2.46,2,68.1,5.01,24,11,46,B,16.9,3.290104306
SH24-2C,VT,SH,SH24,SH.24,NA,NA,NA,NA,NA,61.3,4.2,8,6,46,C,9.3,2.380996537
SH24-3A,VT,SH,SH24,SH.24,NA,NA,NA,NA,NA,73,7,14,4,53,A,7.8,3.422330721
SH25-1A,VT,SH,SH25,SH.25,NA,NA,NA,NA,NA,78,3.71,16,1,56,A,12,3.850122061
SH25-1B,VT,SH,SH25,SH.25,1.469,1.9,2.43,2.57,2,72.7,5,14,5,52,B,12,3.479918016
SH25-1C,VT,SH,SH25,SH.25,1.443,1.87,3.23,2.88,4,86,5.91,29,6,55,C,23.1,3.067046387
SH25-2A,VT,SH,SH25,SH.25,NA,NA,NA,NA,NA,72.7,5.89,8,2,53,A,7.8,3.119926497
SH25-3A,VT,SH,SH25,SH.25,1.472,1.91,2.86,2.55,1,82.5,4.9,25,2,53,A,11.2,4.112630383
SH25-3C,VT,SH,SH25,SH.25,NA,NA,NA,NA,NA,NA,NA,NA,NA,NA,C,2,4.112630383
SH26-1A,VT,SH,SH26,SH.26,1.47,1.9,4.69,4.51,1,94.8,5.58,17,1,56,A,13.2,2.783934413
SH26-1B,VT,SH,SH26,SH.26,1.456,1.89,2.54,2.25,2,54.2,5.87,13,9,46,B,8.3,2.445347795
SH26-1C,VT,SH,SH26,SH.26,NA,NA,NA,NA,NA,63,5.05,29,7,54,C,10.6,3.933820366
SH26-2A,VT,SH,SH26,SH.26,NA,NA,NA,NA,NA,58,4.2,12,6,52,A,5.6,4.021238597
SH26-2B,VT,SH,SH26,SH.26,1.474,1.91,2.7,2.47,2,65.2,5.07,12,7,52,B,9.5,3.17466205
SH26-2C,VT,SH,SH26,SH.26,NA,NA,NA,NA,NA,65.7,5.29,18,10,52,C,11.2,3.769911184
SH26-3A,VT,SH,SH26,SH.26,NA,NA,NA,NA,NA,79.2,6.65,13,0,57,A,10.2,2.966487489
SH5-1A,VT,SH,SH5,SH.5,NA,NA,NA,NA,NA,60.1,6.84,8,4,52,A,6.3,3.290104306
SH5-1B,VT,SH,SH5,SH.5,NA,NA,NA,NA,NA,69.6,3.97,16,8,NA,B,12.1,2.918640917
SH5-1C,VT,SH,SH5,SH.5,1.453,1.88,2.92,2.39,3,68.1,4.44,11,3,52,C,8.4,2.827433388
SH5-2A,VT,SH,SH5,SH.5,1.465,1.9,3.36,3.37,1,67.1,8.81,11,2,53,A,8.1,2.661113777
SH5-2B,VT,SH,SH5,SH.5,1.45,1.88,2.7,2.41,2,81.1,4.8,10,0,63,B,15.4,2.585081955
SH5-2C,VT,SH,SH5,SH.5,NA,NA,NA,NA,NA,65,5.4,18,3,52,C,11.9,3.17466205
SH6-1A,VT,SH,SH6,SH.6,1.458,1.89,3.23,3.58,1,76,5.24,17,5,49,A,11.4,3.548151703
SH6-1B,VT,SH,SH6,SH.6,1.45,1.88,3.23,2.83,4,49.1,4.42,34,14,48,B,15.6,2.513274123
SH6-1C,VT,SH,SH6,SH.6,NA,NA,NA,NA,NA,70.2,4.68,23,9,51,C,17.7,2.872313283
SH6-2A,VT,SH,SH6,SH.6,NA,NA,NA,NA,NA,69.6,3.98,16,7,56,A,14.2,2.412743158
SH6-2B,VT,SH,SH6,SH.6,1.458,1.89,3.57,3.35,4,58.7,3.1,20,16,48,B,13,3.548151703
SH6-2C,VT,SH,SH6,SH.6,NA,NA,NA,NA,NA,66,5.09,22,10,49,C,14.7,3.850122061
SP10B-1B,VT,SP,SP10B,SP.10B,NA,NA,NA,NA,NA,NA,NA,NA,NA,NA,B,8.5,3.067046387
SP10B-1C,VT,SP,SP10B,SP.10B,1.473,1.91,2.65,2.62,3,NA,NA,NA,NA,NA,C,5.8,5.17016391
SP10B-2A,VT,SP,SP10B,SP.10B,1.452,1.88,3.68,2.96,1,NA,NA,NA,NA,NA,A,4.6,4.308469925
SP10B-2B,VT,SP,SP10B,SP.10B,1.466,1.9,3.55,2.71,2,NA,NA,NA,NA,NA,B,5,4.413554557
SP10B-2C,VT,SP,SP10B,SP.10B,1.468,1.9,2.99,2.77,3,NA,NA,NA,NA,NA,C,5,4.112630383
SP10B-3A,VT,SP,SP10B,SP.10B,NA,NA,NA,NA,NA,NA,NA,NA,NA,NA,A,7.8,4.112630383
SP16-1B,VT,SP,SP16,SP.16,1.446,1.87,3.73,2.86,4,62,5.52,4,0,NA,B,6.1,2.350074505
SP16-1C,VT,SP,SP16,SP.16,NA,NA,NA,NA,NA,78.6,5.84,9,1,55,C,8.2,NA
SP16-2A,VT,SP,SP16,SP.16,NA,NA,NA,NA,NA,NA,NA,NA,NA,NA,A,6.1,3.351032164
SP16-2B,VT,SP,SP16,SP.16,1.434,1.86,3.03,2.45,4,94,6.8,10,9,50,B,13.1,2.966487489
SP16-2C,VT,SP,SP16,SP.16,1.443,1.87,3.13,2.43,4,10,7.2,0,0,NA,C,7.9,3.290104306
SP16-3A,VT,SP,SP16,SP.16,NA,NA,NA,NA,NA,85.5,6.3,8,0,60,A,6.9,3.933820366
SP18-1B,VT,SP,SP18,SP.18,1.42,1.84,3.04,2.75,4,73.7,5.58,8,1,63,B,8.9,3.290104306
SP18-1C,VT,SP,SP18,SP.18,NA,NA,NA,NA,NA,NA,NA,NA,NA,NA,C,13.8,3.548151703
SP18-2A,VT,SP,SP18,SP.18,1.466,1.9,2.97,2.71,1,NA,NA,NA,NA,NA,A,3.8,4.20827295
SP18-2B,VT,SP,SP18,SP.18,NA,NA,NA,NA,NA,101.2,6.78,19,2,57,B,16,2.585081955
SP18-2C,VT,SP,SP18,SP.18,NA,NA,NA,NA,NA,NA,NA,NA,NA,NA,C,7.1,5.483507177
SP18-3A,VT,SP,SP18,SP.18,1.485,1.92,3.32,3.43,1,NA,NA,NA,NA,NA,A,NA,2.783934413
SP20-1B,VT,SP,SP20,SP.20,1.458,1.89,3.34,2.48,2,68.5,5.98,23,13,49,B,10.4,2.741753589
SP20-1C,VT,SP,SP20,SP.20,NA,NA,NA,NA,NA,NA,NA,NA,NA,NA,C,7.4,3.290104306
SP20-2A,VT,SP,SP20,SP.20,1.444,1.87,3.12,2.94,2,6.4,6.21,3,0,73,A,6.6,1.592569741
SP20-2B,VT,SP,SP20,SP.20,1.437,1.86,3.63,2.87,4,99.7,5.33,15,4,60,B,15.6,3.479918016
SP20-2C,VT,SP,SP20,SP.20,NA,NA,NA,NA,NA,96.8,5.63,14,9,54,C,16,2.54867235
SP20-3A,VT,SP,SP20,SP.20,NA,NA,NA,NA,NA,NA,NA,NA,NA,NA,A,5,4.20827295
SP2B-1B,VT,SP,SP2B,SP.2B,NA,NA,NA,NA,NA,NA,NA,NA,NA,NA,B,8,3.479918016
SP2B-1C,VT,SP,SP2B,SP.2B,NA,NA,NA,NA,NA,NA,NA,NA,NA,NA,C,8.4,4.112630383
SP2B-2A,VT,SP,SP2B,SP.2B,1.471,1.9,2.91,2.98,1,NA,NA,NA,NA,NA,A,4.8,3.548151703
SP2B-2B,VT,SP,SP2B,SP.2B,NA,NA,NA,NA,NA,NA,NA,NA,NA,NA,B,5.3,NA
SP2B-2C,VT,SP,SP2B,SP.2B,1.432,1.85,2.96,3.17,3,NA,NA,NA,NA,NA,C,2.6,4.761993075
SP2B-3A,VT,SP,SP2B,SP.2B,1.462,1.89,3.27,2.67,1,NA,NA,NA,NA,NA,A,10.7,3.015928947
SP4B-1A,VT,SP,SP4B,SP.4B,NA,NA,NA,NA,NA,NA,NA,NA,NA,NA,A,1.1,4.413554557
SP4B-1B,VT,SP,SP4B,SP.4B,1.458,1.89,3.42,2.64,4,NA,NA,NA,NA,NA,B,10,3.479918016
SP4B-1C,VT,SP,SP4B,SP.4B,NA,NA,NA,NA,NA,65.5,4.55,7,1,60,C,10.1,2.741753589
SP4B-2B,VT,SP,SP4B,SP.4B,1.466,1.9,3.66,3.66,4,71,4.28,7,5,62,B,10.7,3.119926497
SP4B-2C,VT,SP,SP4B,SP.4B,NA,NA,NA,NA,NA,NA,NA,NA,NA,NA,C,9.7,3.619114737
SP4B-3B,VT,SP,SP4B,SP.4B,1.472,1.91,2.64,2.48,2,NA,NA,NA,NA,NA,B,4.3,4.308469925
SP5B-1A,VT,SP,SP5B,SP.5B,NA,NA,NA,NA,NA,NA,NA,NA,NA,NA,A,7.6,3.351032164
SP5B-1B,VT,SP,SP5B,SP.5B,1.464,1.9,3.14,3.38,4,NA,NA,NA,NA,NA,B,6,3.619114737
SP5B-1C,VT,SP,SP5B,SP.5B,NA,NA,NA,NA,NA,82,5.69,14,1,56,C,8.3,2.827433388
SP5B-2A,VT,SP,SP5B,SP.5B,1.527,1.98,3.26,4.69,1,105.2,8.51,7,0,61,A,NA,3.17466205
SP5B-2C,VT,SP,SP5B,SP.5B,NA,NA,NA,NA,NA,90.6,6.51,6,0,61,C,9.5,4.112630383
SP5B-3B,VT,SP,SP5B,SP.5B,1.459,1.89,2.71,2.61,2,95.5,6.3,17,9,51,B,14.5,4.021238597
SP6B-1A,VT,SP,SP6B,SP.6B,NA,NA,NA,NA,NA,NA,NA,NA,NA,NA,A,5.1,3.850122061
SP6B-1B,VT,SP,SP6B,SP.6B,1.449,1.88,3.24,2.31,2,NA,NA,NA,NA,NA,B,6.4,4.20827295
SP6B-1C,VT,SP,SP6B,SP.6B,1.44,1.86,3.57,2.9,4,52.4,5.9,0,0,NA,C,6.6,3.414259186
SP6B-2A,VT,SP,SP6B,SP.6B,NA,NA,NA,NA,NA,NA,NA,NA,NA,NA,A,4.8,4.761993075
SP6B-2B,VT,SP,SP6B,SP.6B,1.44,1.86,4.11,3.37,4,NA,NA,NA,NA,NA,B,10.3,3.231352444
SP6B-2C,VT,SP,SP6B,SP.6B,NA,NA,NA,NA,NA,NA,NA,NA,NA,NA,C,3.4,5.026548246
SP8B-1B,VT,SP,SP8B,SP.8B,1.456,1.89,2.91,2.77,4,NA,NA,NA,NA,NA,B,8.1,4.20827295
SP8B-1C,VT,SP,SP8B,SP.8B,NA,NA,NA,NA,NA,NA,NA,NA,NA,NA,C,5.9,4.540108093
SP8B-2B,VT,SP,SP8B,SP.8B,1.433,1.86,2.73,2.19,2,88.8,5.85,21,0,65,B,18.3,NA
SP8B-2C,VT,SP,SP8B,SP.8B,1.469,1.9,2.58,2.7,3,91,7,19,0,68,C,10.3,4.761993075
SP9B-1B,VT,SP,SP9B,SP.9B,1.46,1.89,2.22,1.99,2,NA,NA,NA,NA,NA,B,9.1,3.351032164
SP9B-1C,VT,SP,SP9B,SP.9B,1.451,1.88,3.11,2.56,4,79.7,4.54,9,6,52,C,12.3,2.966487489
SP9B-2A,VT,SP,SP9B,SP.9B,NA,NA,NA,NA,NA,88,4.55,17,0,58,A,12.1,3.015928947
SP9B-2B,VT,SP,SP9B,SP.9B,NA,NA,NA,NA,NA,108.7,6.45,19,1,57,B,16,2.350074505
SP9B-2C,VT,SP,SP9B,SP.9B,NA,NA,NA,NA,NA,NA,NA,NA,NA,NA,C,8.4,2.741753589
SP9B-3A,VT,SP,SP9B,SP.9B,1.496,1.94,3.1,2.69,1,97.3,5.56,26,1,60,A,10.8,4.308469925
TH10B-1A,VT,TH,TH10B,TH.10B,1.513,1.96,3.3,2.45,1,NA,NA,NA,NA,NA,A,8.3,3.067046387
TH10B-1B,VT,TH,TH10B,TH.10B,NA,NA,NA,NA,NA,48.6,3.93,8,0,62,B,4,2.966487489
TH10B-1C,VT,TH,TH10B,TH.10B,NA,NA,NA,NA,NA,96,6.62,8,0,65,C,12.4,4.112630383
TH10B-2A,VT,TH,TH10B,TH.10B,1.515,1.96,3.09,2.79,1,103.9,4.7,13,0,63,A,9.4,4.761993075
TH10B-2B,VT,TH,TH10B,TH.10B,1.51,1.96,2.95,2.69,2,68,3.6,4,0,NA,B,2.8,6.239852995
TH10B-2C,VT,TH,TH10B,TH.10B,NA,NA,NA,NA,NA,83.6,4.99,11,0,65,C,5.9,3.216990877
TH12B-1A,VT,TH,TH12B,TH.12B,1.566,2.03,3.1,3.69,1,89,5.56,8,1,59,A,8.8,4.308469925
TH12B-1B,VT,TH,TH12B,TH.12B,1.501,1.94,3.36,2.86,2,76.7,4.96,18,2,52,B,13.3,3.067046387
TH12B-1C,VT,TH,TH12B,TH.12B,1.518,1.97,2.92,2.31,3,68.3,5.6,23,3,51,C,12,3.17466205
TH12B-2B,VT,TH,TH12B,TH.12B,NA,NA,NA,NA,NA,87.7,6.1,17,3,49,B,10.5,4.112630383
TH12B-2C,VT,TH,TH12B,TH.12B,NA,NA,NA,NA,NA,80.1,4.57,11,6,51,C,7.4,3.692974221
TH12B-3A,VT,TH,TH12B,TH.12B,NA,NA,NA,NA,NA,68.7,4.59,16,3,52,A,5.8,5.245093822
TH14B-1A,VT,TH,TH14B,TH.14B,NA,NA,NA,NA,NA,61.5,4.01,30,11,49,A,13,3.769911184
TH14B-1B,VT,TH,TH14B,TH.14B,1.508,1.95,3.73,3.31,4,63,4.47,16,8,50,B,6.8,3.351032164
TH14B-1C,VT,TH,TH14B,TH.14B,1.506,1.95,2.68,2.47,3,94.7,4.98,14,0,62,C,9.5,3.548151703
TH14B-2A,VT,TH,TH14B,TH.14B,NA,NA,NA,NA,NA,78.7,4.78,12,0,66,A,10.1,3.692974221
TH14B-2B,VT,TH,TH14B,TH.14B,NA,NA,NA,NA,NA,80.8,4.07,17,2,53,B,10.5,3.923159606
TH14B-2C,VT,TH,TH14B,TH.14B,1.527,1.98,2.9,2.82,3,82.1,5.48,21,1,21,C,14.6,3.231352444
TH15B-1A,VT,TH,TH15B,TH.15B,1.511,1.96,2.74,2.21,1,90.5,6.1,9,0,NA,A,9.6,3.231352444
TH15B-1B,VT,TH,TH15B,TH.15B,NA,NA,NA,NA,NA,68.5,4.26,33,12,45,B,11.9,3.692974221
TH15B-1C,VT,TH,TH15B,TH.15B,NA,NA,NA,NA,NA,90,4.75,18,0,63,C,11.8,2.54867235
TH15B-2A,VT,TH,TH15B,TH.15B,1.517,1.96,4.03,3.42,1,76.3,5,18,1,59,A,10,3.548151703
TH15B-2B,VT,TH,TH15B,TH.15B,1.487,1.93,3.28,2.6,2,99,5.7,16,1,51,B,12.4,4.761993075
TH15B-2C,VT,TH,TH15B,TH.15B,NA,NA,NA,NA,NA,NA,NA,NA,NA,NA,C,2.7,4.761993075
TH19B-1A,VT,TH,TH19B,TH.19B,1.516,1.96,3.81,3.18,1,77.1,5.1,27,5,53,A,22.2,2.918640917
TH19B-1B,VT,TH,TH19B,TH.19B,NA,NA,NA,NA,NA,86.3,4,12,3,53,B,9.8,2.872313283
TH19B-1C,VT,TH,TH19B,TH.19B,NA,NA,NA,NA,NA,48.2,4.1,16,5,51,C,9.9,3.414259186
TH19B-2B,VT,TH,TH19B,TH.19B,NA,NA,NA,NA,NA,59.5,3.79,37,13,49,B,22.4,2.234021443
TH19B-2C,VT,TH,TH19B,TH.19B,1.51,1.96,2.78,2.58,3,NA,NA,NA,NA,NA,C,9.6,2.622546911
TH19B-3A,VT,TH,TH19B,TH.19B,1.496,1.94,3.34,2.87,1,68.7,4.62,37,4,52,A,18.3,2.783934413
TH1B-1A,VT,TH,TH1B,TH.1B,1.54,1.99,2.87,3.03,1,102.6,5.67,13,0,63,A,12.2,6.239852995
TH1B-1B,VT,TH,TH1B,TH.1B,1.526,1.98,4.09,3.98,4,100,6.5,11,0,69,B,13.3,4.021238597
TH1B-1C,VT,TH,TH1B,TH.1B,1.511,1.96,2.84,2.17,3,84.4,5.9,20,0,63,C,13.4,3.414259186
TH1B-2A,VT,TH,TH1B,TH.1B,NA,NA,NA,NA,NA,97.4,7.15,20,0,66,A,19.2,2.513274123
TH1B-2B,VT,TH,TH1B,TH.1B,1.51,1.96,3.27,2.51,4,82.2,5,19,3,56,B,10.4,3.231352444
TH1B-2C,VT,TH,TH1B,TH.1B,NA,NA,NA,NA,NA,NA,NA,NA,NA,NA,C,10.2,2.700831893
TH21B-1A,VT,TH,TH21B,TH.21B,NA,NA,NA,NA,NA,86.7,5.3,13,1,60,A,11.1,3.479918016
TH21B-1B,VT,TH,TH21B,TH.21B,1.502,1.95,3.34,2.77,3,51.1,5.55,37,7,51,B,20.3,2.827433388
TH21B-1C,VT,TH,TH21B,TH.21B,1.492,1.93,3.12,2.12,3,72.5,4.53,17,1,49,C,8.3,4.308469925
TH21B-2A,VT,TH,TH21B,TH.21B,NA,NA,NA,NA,NA,93.8,5.5,17,2,54,A,11.3,3.231352444
TH21B-2B,VT,TH,TH21B,TH.21B,NA,NA,NA,NA,NA,84.7,5.65,24,2,54,B,21.9,2.661113777
TH21B-2C,VT,TH,TH21B,TH.21B,1.488,1.93,3.04,2.56,3,90.5,4.2,19,0,NA,C,10.4,4.021238597
TH22B-1A,VT,TH,TH22B,TH.22B,1.499,1.94,3.29,2.92,2,73.1,7.68,7,0,61,A,3,4.021238597
TH22B-1B,VT,TH,TH22B,TH.22B,1.492,1.93,3.07,2.72,3,96.8,3.8,20,1,54,B,17.5,2.872313283
TH22B-2A,VT,TH,TH22B,TH.22B,NA,NA,NA,NA,NA,94.9,5.6,13,1,NA,A,5.6,4.021238597
TH22B-2B,VT,TH,TH22B,TH.22B,NA,NA,NA,NA,NA,75,4.76,2,0,NA,B,6.8,3.351032164
TH22B-2C,VT,TH,TH22B,TH.22B,1.51,1.96,3.05,2.37,3,NA,NA,NA,NA,60,C,7,2.261946711
TH22B-3A,VT,TH,TH22B,TH.22B,NA,NA,NA,NA,NA,71.1,4.44,8,3,56,A,6.4,3.119926497
TH7B-1A,VT,TH,TH7B,TH.7B,1.523,1.97,4.31,3.81,1,71,6.39,10,0,60,A,5.4,3.769911184
TH7B-1B,VT,TH,TH7B,TH.7B,1.565,2.03,2.71,3.38,2,NA,NA,NA,NA,NA,B,6.7,3.933820366
TH7B-1C,VT,TH,TH7B,TH.7B,NA,NA,NA,NA,NA,72,5,9,0,58,C,14.5,2.918640917
TH7B-2A,VT,TH,TH7B,TH.7B,1.514,1.96,2.96,2.39,1,NA,NA,NA,NA,NA,A,5,4.761993075
TH7B-2B,VT,TH,TH7B,TH.7B,NA,NA,NA,NA,NA,NA,NA,NA,NA,NA,B,4.7,5.483507177
TH7B-2C,VT,TH,TH7B,TH.7B,NA,NA,NA,NA,NA,NA,NA,NA,NA,NA,C,7.6,3.619114737
TH8B-1A,VT,TH,TH8B,TH.8B,1.514,1.96,2.97,2.28,3,72,4.38,8,0,60,A,6.3,3.548151703
TH8B-1B,VT,TH,TH8B,TH.8B,1.505,1.95,3.39,2.38,2,89.5,4.68,14,0,57,B,13.8,2.350074505
TH8B-1C,VT,TH,TH8B,TH.8B,1.528,1.98,2.9,2.83,3,77,4.8,17,1,51,C,10.2,3.290104306
TH8B-2B,VT,TH,TH8B,TH.8B,1.488,1.93,3.08,4.27,2,64.3,3.7,28,7,50,B,11,2.741753589
TH8B-2C,VT,TH,TH8B,TH.8B,NA,NA,NA,NA,NA,83.5,4.3,12,1,51,C,8.3,2.966487489
TH8B-3A,VT,TH,TH8B,TH.8B,NA,NA,NA,NA,NA,84.9,4.81,12,0,65,A,5.8,3.479918016
WR13-1A,VT,WR,WR13,WR.13,NA,NA,NA,NA,NA,73.4,4.55,8,5,52,A,7.3,4.308469925
WR13-1B,VT,WR,WR13,WR.13,1.443,1.87,2.8,2.37,2,NA,NA,NA,NA,NA,B,3.9,3.17466205
WR13-1C,VT,WR,WR13,WR.13,NA,NA,NA,NA,NA,73,5.67,11,8,49,C,9.5,2.827433388
WR13-2A,VT,WR,WR13,WR.13,1.473,1.91,3.7,2.72,1,109.3,10.61,14,0,73,A,15.8,2.700831893
WR13-2B,VT,WR,WR13,WR.13,1.458,1.89,2.73,2.49,2,63.4,5.54,11,7,50,B,9.7,3.414259186
WR13-3B,VT,WR,WR13,WR.13,NA,NA,NA,NA,NA,84.7,5.9,16,7,50,B,20.1,3.290104306
WR14-1B,VT,WR,WR14,WR.14,1.442,1.87,2.94,2.56,4,97,8.05,15,7,58,B,21.3,2.741753589
WR14-1C,VT,WR,WR14,WR.14,NA,NA,NA,NA,NA,NA,NA,NA,NA,56,C,15.3,3.119926497
WR14-2A,VT,WR,WR14,WR.14,1.464,1.9,3.7,3.37,1,NA,NA,NA,NA,NA,A,6.1,3.231352444
WR14-2B,VT,WR,WR14,WR.14,1.451,1.88,4.34,2.95,4,89.6,6.6,21,3,62,B,19.5,2.622546911
WR14-2C,VT,WR,WR14,WR.14,NA,NA,NA,NA,NA,77.6,4.41,8,0,56,C,7.3,3.17466205
WR14-3A,VT,WR,WR14,WR.14,NA,NA,NA,NA,NA,85,6.19,10,4,54,A,14.2,3.619114737
WR17-1A,VT,WR,WR17,WR.17,NA,NA,NA,NA,NA,NA,NA,NA,NA,NA,A,5.5,3.933820366
WR17-1B,VT,WR,WR17,WR.17,1.454,1.88,2.73,2.1,2,83.1,5.47,12,5,54,B,9.1,3.692974221
WR17-1C,VT,WR,WR17,WR.17,NA,NA,NA,NA,NA,86,5.72,14,9,54,C,8,2.872313283
WR17-2A,VT,WR,WR17,WR.17,NA,NA,NA,NA,NA,NA,NA,NA,NA,NA,A,7.4,2.741753589
WR17-2B,VT,WR,WR17,WR.17,1.452,1.88,2.78,2.45,2,NA,NA,NA,NA,NA,B,8.7,3.619114737
WR17-2C,VT,WR,WR17,WR.17,1.456,1.89,2.82,2.46,3,86.1,5.28,8,1,56,C,11.1,2.966487489
WR21B-1A,VT,WR,WR21B,WR.21B,1.46,1.89,2.76,2.51,1,NA,NA,NA,NA,NA,A,11.5,2.741753589
WR21B-1B,VT,WR,WR21B,WR.21B,1.424,1.84,4.02,3.04,4,NA,NA,NA,NA,NA,B,13.2,2.47884571
WR21B-1C,VT,WR,WR21B,WR.21B,1.429,1.85,2.89,2.26,4,NA,NA,NA,NA,NA,C,10.5,3.01592895
WR21B-2A,VT,WR,WR21B,WR.21B,1.43,1.85,2.55,2.4,2,NA,NA,NA,NA,NA,A,4.2,4.20827295
WR21B-2B,VT,WR,WR21B,WR.21B,1.443,1.87,4.56,3.49,4,77.6,6.14,28,23,NA,B,18.1,2.62254691
WR21B-2C,VT,WR,WR21B,WR.21B,1.442,1.87,2.98,2.51,4,NA,NA,NA,NA,NA,C,NA,NA
WR4-1A,VT,WR,WR4,WR.4,NA,NA,NA,NA,NA,NA,NA,NA,NA,NA,A,5.4,4.308469925
WR4-1B,VT,WR,WR4,WR.4,1.449,1.88,3.08,2.82,4,73.8,6.86,33,7,56,B,18.7,3.351032164
WR4-2A,VT,WR,WR4,WR.4,1.456,1.89,2.69,2.41,1,71.2,7.35,52,15,49,A,19.5,2.661113777
WR4-2B,VT,WR,WR4,WR.4,1.44,1.86,2.96,2.31,2,NA,NA,NA,NA,NA,B,10.3,3.850122061
WR4-2C,VT,WR,WR4,WR.4,NA,NA,NA,NA,NA,NA,NA,NA,NA,NA,C,7,3.231352444
WR4-3A,VT,WR,WR4,WR.4,1.462,1.89,2.27,2.13,1,71.7,6.6,10,3,69,A,5.9,3.933820366
WR6B-1A,VT,WR,WR6B,WR.6B,NA,NA,NA,NA,NA,78.7,5.68,7,1,59,A,12.4,3.619114737
WR6B-1B,VT,WR,WR6B,WR.6B,1.471,1.9,3.29,2.53,4,77.3,6.8,18,2,70,B,15.8,3.769911184
WR6B-1C,VT,WR,WR6B,WR.6B,NA,NA,NA,NA,NA,NA,NA,NA,NA,NA,C,6,4.308469925
WR6B-2A,VT,WR,WR6B,WR.6B,NA,NA,NA,NA,NA,92.6,4.39,2,0,60,A,4.7,3.850122061
WR6B-2B,VT,WR,WR6B,WR.6B,1.465,1.9,3.85,2.92,4,NA,NA,NA,NA,NA,B,15.9,2.54867235
WR6B-2C,VT,WR,WR6B,WR.6B,NA,NA,NA,NA,NA,NA,NA,NA,NA,NA,C,8.3,3.769911184
WR7-1A,VT,WR,WR7,WR.7,1.475,1.91,2.96,3.04,1,110.2,6.08,18,0,61,A,12,4.639890688
WR7-1B,VT,WR,WR7,WR.7,NA,NA,NA,NA,NA,88.5,6.71,28,4,52,B,15.3,4.730868937
WR7-1C,VT,WR,WR7,WR.7,1.451,1.88,3.75,2.68,3,73.1,4.8,20,0,57,C,7.6,3.479918016
WR7-2A,VT,WR,WR7,WR.7,1.441,1.87,3.49,2.8,1,117.5,5.65,12,0,65,A,10.7,4.308469925
WR7-2B,VT,WR,WR7,WR.7,NA,NA,NA,NA,NA,91.2,7.57,24,4,50,B,16.5,2.54867235
WR7-3A,VT,WR,WR7,WR.7,NA,NA,NA,NA,NA,NA,NA,NA,NA,63,A,3.9,3.231352444
WR8-1A,VT,WR,WR8,WR.8,NA,NA,NA,NA,NA,NA,NA,NA,NA,NA,A,4.7,3.619114737
WR8-1B,VT,WR,WR8,WR.8,NA,NA,NA,NA,NA,81,5.49,16,8,51,B,12.9,2.636877768
WR8-1C,VT,WR,WR8,WR.8,1.49,1.93,3.26,3.86,3,NA,NA,NA,NA,NA,C,9.6,2.380996537
WR8-2B,VT,WR,WR8,WR.8,1.484,1.92,5.34,4.58,4,NA,NA,NA,NA,NA,B,6.7,3.231352444
WR8-2C,VT,WR,WR8,WR.8,1.447,1.87,2.92,2.58,3,69.6,4.51,15,6,48,C,12.2,2.872313283
WR8-3A,VT,WR,WR8,WR.8,NA,NA,NA,NA,NA,NA,NA,NA,NA,NA,A,5.8,3.769911184
WRR-1A,VT,WR,WRR,WR.R,1.478,1.91,2.62,2.6,1,NA,NA,NA,NA,NA,A,4,4.468042885
WRR-1B,VT,WR,WRR,WR.R,NA,NA,NA,NA,NA,NA,NA,NA,NA,NA,B,NA,NA
WRR-1C,VT,WR,WRR,WR.R,1.445,1.87,3.55,3.07,4,70.5,5.2,4,0,NA,C,10.6,4.308469925
WRR-2A,VT,WR,WRR,WR.R,NA,NA,NA,NA,NA,NA,NA,NA,NA,NA,A,4.7,3.692974221
WRR-3A,VT,WR,WRR,WR.R,NA,NA,NA,NA,NA,90.3,4.83,17,0,56,A,13.9,3.414259186
WRY-1A,VT,WR,WRY,WR.Y,NA,NA,NA,NA,NA,105,5.72,6,0,66,A,10,3.290104306
WRY-1C,VT,WR,WRY,WR.Y,1.492,1.93,4.12,3.69,4,NA,NA,NA,NA,NA,C,6.8,2.918640917
WRY-2B,VT,WR,WRY,WR.Y,1.433,1.86,4.13,3.02,4,NA,NA,NA,NA,NA,B,3.6,3.17466205
WRY-2C,VT,WR,WRY,WR.Y,NA,NA,NA,NA,NA,NA,NA,NA,NA,NA,C,6.4,3.548151703
WRY-3A,VT,WR,WRY,WR.Y,NA,NA,NA,NA,NA,78.1,5.35,10,3,54,A,6.1,3.351032164
WV1-1B,NY,WV,WV1,WV.1,1.468,1.9,2.87,2.43,2,75,5.72,11,0,65,B,6.7,4.308469925
WV1-1C,NY,WV,WV1,WV.1,NA,NA,NA,NA,NA,78.6,4.79,23,0,61,C,10.9,2.741753589
WV1-2A,NY,WV,WV1,WV.1,NA,NA,NA,NA,NA,86,7.14,17,1,59,A,12.9,3.119926497
WV1-2B,NY,WV,WV1,WV.1,1.496,1.94,3.26,3.06,4,106.3,5.16,15,0,65,B,13.4,2.783934413
WV1-2C,NY,WV,WV1,WV.1,NA,NA,NA,NA,NA,82.3,7.49,14,0,65,C,14.1,3.769911184
WV1-3A,NY,WV,WV1,WV.1,1.567,2.03,3.49,4.01,1,100.6,6.7,18,1,66,A,12.3,2.661113777
WV10-1A,NY,WV,WV10,WV.10,NA,NA,NA,NA,NA,81.5,4.93,7,0,73,A,7.7,2.661113777
WV10-1C,NY,WV,WV10,WV.10,1.523,1.97,3.33,2.85,4,NA,NA,NA,NA,NA,C,4.4,3.290104306
WV10-1xB,NY,WV,WV10,WV.10,1.498,1.94,3.13,2.35,4,81.4,5.23,1,0,39,B,NA,3.119926497
WV10-1yB,NY,WV,WV10,WV.10,NA,NA,NA,NA,NA,79.1,4.51,26,0,39,B,18.1,NA
WV10-2A,NY,WV,WV10,WV.10,NA,NA,NA,NA,NA,64,8.21,2,0,73,A,4.2,3.231352444
WV10-2B,NY,WV,WV10,WV.10,1.529,1.98,2.67,2.27,2,92.4,5.18,13,2,NA,B,9.6,4.112630383
WV10-3A,NY,WV,WV10,WV.10,NA,NA,NA,NA,NA,NA,NA,NA,NA,NA,A,3.9,4.20827295
WV11-1A,NY,WV,WV11,WV.11,NA,NA,NA,NA,NA,77.4,4.9,10,0,54,A,7.3,3.692974221
WV11-2A,NY,WV,WV11,WV.11,1.517,1.96,3.07,2.69,1,NA,NA,NA,NA,NA,A,4.2,5.026548246
WV11-2B,NY,WV,WV11,WV.11,1.499,1.94,2.41,2.09,2,NA,NA,NA,NA,58,B,15.3,2.872313283
WV11-2C,NY,WV,WV11,WV.11,1.507,1.95,2.91,2.43,3,88,5.83,14,0,56,C,10.6,4.761993075
WV11-3A,NY,WV,WV11,WV.11,NA,NA,NA,NA,NA,90.7,5.65,10,0,68,A,6.1,4.89069559
WV12-1A,NY,WV,WV12,WV.12,1.505,1.95,3.16,2.77,1,107,6.01,27,0,63,A,13.9,3.850122061
WV12-1B,NY,WV,WV12,WV.12,1.504,1.95,4.11,4.26,2,102.3,5.5,19,0,62,B,11.8,4.112630383
WV12-2A,NY,WV,WV12,WV.12,NA,NA,NA,NA,NA,92.5,5.3,27,1,30,A,NA,2.585081955
WV12-2B,NY,WV,WV12,WV.12,1.514,1.96,2.7,2.39,2,102.3,5.8,10,0,70,B,13.5,4.112630383
WV2-1A,NY,WV,WV2,WV.2,1.51,1.96,2.7,2.19,1,NA,NA,NA,NA,NA,A,3.9,3.548151703
WV2-1B,NY,WV,WV2,WV.2,1.499,1.94,2.87,2.39,2,106.3,5.67,27,1,62,B,21.8,2.319945344
WV2-1C,NY,WV,WV2,WV.2,1.478,1.91,3.15,2.74,3,87.2,5.17,15,0,61,C,11.2,2.942369705
WV2-2B,NY,WV,WV2,WV.2,NA,NA,NA,NA,NA,NA,NA,NA,NA,NA,B,5.3,2.661113777
WV2-2C,NY,WV,WV2,WV.2,NA,NA,NA,NA,NA,91.5,5.3,16,0,61,C,12.6,2.966487489
WV2-3A,NY,WV,WV2,WV.2,NA,NA,NA,NA,NA,NA,NA,NA,NA,NA,A,3,4.413554557
WV3-1A,NY,WV,WV3,WV.3,NA,NA,NA,NA,NA,49.6,3.55,0,0,72,A,7,2.783934413
WV3-2A,NY,WV,WV3,WV.3,1.51,1.96,3.04,2.43,1,71.5,6.89,2,0,73,A,6.4,5.026548246
WV3-2B,NY,WV,WV3,WV.3,1.509,1.95,3.61,2.77,4,78.5,5,5,0,NA,B,13.2,2.445347795
WV3-2C,NY,WV,WV3,WV.3,1.519,1.97,2.66,2.15,3,65.6,5.61,2,0,NA,C,6.4,3.619114737
WV3-3A,NY,WV,WV3,WV.3,NA,NA,NA,NA,NA,NA,NA,NA,NA,NA,A,2,2.54867235
WV4-1A,NY,WV,WV4,WV.4,NA,NA,NA,NA,NA,104.1,5.97,11,0,61,A,15.3,4.20827295
WV4-1B,NY,WV,WV4,WV.4,1.489,1.93,2.67,2.07,4,33.5,4.4,26,13,50,B,14.2,3.769911184
WV4-2A,NY,WV,WV4,WV.4,1.491,1.93,2.99,2.55,3,NA,NA,NA,NA,NA,A,3.2,3.414259186
WV4-2B,NY,WV,WV4,WV.4,1.493,1.93,3.01,2.66,2,97.7,7,33,1,57,B,16.9,3.619114737
WV6-1A,NY,WV,WV6,WV.6,1.51,1.96,2.62,2.4,1,73,5.62,3,0,NA,A,4.1,3.351032164
WV6-1B,NY,WV,WV6,WV.6,1.503,1.95,3.43,3.04,4,NA,NA,NA,NA,NA,B,7.8,4.021238597
WV6-2A,NY,WV,WV6,WV.6,NA,NA,NA,NA,NA,110.5,6.64,24,0,61,A,18,3.479918016
WV6-2B,NY,WV,WV6,WV.6,NA,NA,NA,NA,NA,NA,NA,NA,NA,NA,B,5.1,4.021238597
WV6-2C,NY,WV,WV6,WV.6,NA,NA,NA,NA,NA,84.5,6,8,0,NA,C,6.3,4.308469925
WV6-3A,NY,WV,WV6,WV.6,1.518,1.97,3.07,2.98,1,NA,NA,NA,NA,NA,A,4.7,5.17016391
WV7-1A,NY,WV,WV7,WV.7,1.526,1.98,3.42,3.02,1,110.9,5.64,27,0,61,A,19.2,2.872313283
WV7-1B,NY,WV,WV7,WV.7,NA,NA,NA,NA,NA,103.9,7.13,18,0,62,B,19.4,2.180189601
WV7-1C,NY,WV,WV7,WV.7,1.554,2.01,3.16,2.39,3,94.1,7.1,20,0,68,C,12.1,4.523893421
WV7-2A,NY,WV,WV7,WV.7,NA,NA,NA,NA,NA,104.8,6.41,4,0,NA,A,10.2,3.290104306
WV7-2B,NY,WV,WV7,WV.7,1.535,1.99,2.97,2.49,4,100,6.5,36,1,57,B,19.1,2.966487489
WV7-3A,NY,WV,WV7,WV.7,1.494,1.93,3.01,2.59,1,100.3,8.84,19,0,59,A,12.1,3.17466205
WV8-1A,NY,WV,WV8,WV.8,NA,NA,NA,NA,NA,96.2,4.72,5,0,NA,A,3.7,5.322227554
WV8-1B,NY,WV,WV8,WV.8,1.468,1.9,3.67,2.65,4,80.8,7.12,28,1,57,B,16.7,4.20827295
WV8-1C,NY,WV,WV8,WV.8,1.498,1.94,2.26,1.99,3,84.5,6.4,9,0,60,C,7.3,3.619114737
WV8-2A,NY,WV,WV8,WV.8,NA,NA,NA,NA,NA,91.2,6.07,21,0,59,A,11.9,3.119926497
WV8-2B,NY,WV,WV8,WV.8,1.501,1.94,2.79,2.3,4,102.1,4.51,16,3,56,B,9.3,3.290104306
WV8-3A,NY,WV,WV8,WV.8,NA,NA,NA,NA,NA,81.2,4.54,27,2,49,A,12,2.437114301