id,benchPos,planting,cross,damInd,damRep,sireInd,sireRep,replicate,weight,SLAwt,dFF,dHarvest,height,stemWidth,noCapitula,noFlowers,damK1,sireK1,diffK1,K1notes,recorder
6,mid,2,CB-9-1_x_PR-16-2,CB_9,1,PR_16,2,3,18.9,NA,NA,85,5,3.51,0,0,0.32146,0.037029,0.284431,,Keith
2,mid,1,CB-9-1_x_PR-16-2,CB_9,1,PR_16,2,1,15,NA,NA,84,41.5,5.71,4,0,0.32146,0.037029,0.284431,,Steve_Keller
5,mid,1,CB-9-1_x_PR-16-2,CB_9,1,PR_16,2,4,16.1,6.7,NA,85,51.9,4.34,18,14,0.32146,0.037029,0.284431,,Ashlee_Nowell
4,mid,2,CB-9-1_x_PR-16-2,CB_9,1,PR_16,2,5,13.9,10.6,68,83,52.7,4.12,11,16,0.32146,0.037029,0.284431,,Steve_Keller
3,end,2,CB-9-1_x_PR-16-2,CB_9,1,PR_16,2,1,16.4,7.6,68,85,58.2,4.55,31,2,0.32146,0.037029,0.284431,,Ashlee_Nowell
1,mid,1,CB-9-1_x_PR-16-2,CB_9,1,PR_16,2,2,NA,NA,56,84,74.9,2.72,22,7,0.32146,0.037029,0.284431,,Ashlee_Nowell
7,mid,2,CB-9-1_x_PR-16-2,CB_9,1,PR_16,2,2,23.3,7.5,NA,85,77.5,6.51,27,9,0.32146,0.037029,0.284431,,Keith
8,mid,2,CB-9-1_x_WV-7-2,CB_9,1,WV_7,2,1,23.6,4.5,73,84,95.1,5.38,33,1,0.32146,0.931963,0.610503,,Steve_Keller
15,end,2,CH-2-2_x_MP-12-1,CH_2,2,MP_12,1,4,NA,NA,NA,71,64.2,4.72,17,11,NA,NA,NA,,NA
10,end,2,CH-2-2_x_MP-12-1,CH_2,2,MP_12,1,3,20.1,4.6,46,71,66,5.35,19,21,NA,NA,NA,,NA
9,mid,1,CH-2-2_x_MP-12-1,CH_2,2,MP_12,1,5,15.6,NA,NA,84,67.8,5.34,13,12,NA,NA,NA,dam K1s from pop too spread out,Ashlee_Nowell
12,mid,2,CH-2-2_x_MP-12-1,CH_2,2,MP_12,1,3,17.4,6.7,NA,85,73.4,4.56,5,28,NA,NA,NA,,Keith
14,end,2,CH-2-2_x_MP-12-1,CH_2,2,MP_12,1,1,19.6,4.2,NA,84,76.7,5.25,7,22,NA,NA,NA,,Maddi_Sorrentino
11,mid,2,CH-2-2_x_MP-12-1,CH_2,2,MP_12,1,4,16.4,5.8,53,83,88.2,4.53,16,10,NA,NA,NA,,Steve_Keller
13,mid,2,CH-2-2_x_MP-12-1,CH_2,2,MP_12,1,2,26.3,5.8,NA,85,89.4,5.71,24,10,NA,NA,NA,,Keith
16,end,2,CH-2-2_x_MP-12-1,CH_2,2,MP_12,1,2,21,NA,NA,71,92.6,5.92,27,3,NA,NA,NA,,NA
17,end,2,CH-2-2_x_MP-12-1,CH_2,2,MP_12,1,1,19.6,4.2,NA,71,98.2,6.08,15,0,NA,NA,NA,,NA
25,end,2,CO-11-1_x_FL-9-1,CO_1,1,FL_9,1,2,2.7,9.5,NA,85,14.6,3.94,0,0,0.15222,0.23906,0.08684,,Ashlee_Nowell
23,end,2,CO-11-1_x_FL-9-1,CO_1,1,FL_9,1,4,7.9,8.9,75,83,24,4.17,14,0,0.15222,0.23906,0.08684,,Steve_Keller
22,mid,1,CO-11-1_x_FL-9-1,CO_1,1,FL_9,1,4,18.7,5.5,53,85,46.3,4.48,13,18,0.15222,0.23906,0.08684,,Ashlee_Nowell
19,mid,1,CO-11-1_x_FL-9-1,CO_1,1,FL_9,1,3,18.5,NA,54,84,54.5,5.16,25,11,0.15222,0.23906,0.08684,,NA
27,mid,2,CO-11-1_x_FL-9-1,CO_1,1,FL_9,1,6,19.3,6.1,NA,83,56,4.56,29,9,0.15222,0.23906,0.08684,,Steve_Keller
28,end,2,CO-11-1_x_FL-9-1,CO_1,1,FL_9,1,5,NA,NA,NA,71,58.3,5.66,25,0,0.15222,0.23906,0.08684,,NA
21,end,2,CO-11-1_x_FL-9-1,CO_1,1,FL_9,1,3,21.7,7.1,47,84,60.8,5.42,8,20,0.15222,0.23906,0.08684,,Maddi_Sorrentino
18,mid,1,CO-11-1_x_FL-9-1,CO_1,1,FL_9,1,1,NA,NA,54,84,70.1,5.56,43,6,0.15222,0.23906,0.08684,,Steve_Keller
26,mid,2,CO-11-1_x_FL-9-1,CO_1,1,FL_9,1,1,18.5,5.8,NA,85,70.5,4.46,16,0,0.15222,0.23906,0.08684,,Keith
24,mid,2,CO-11-1_x_FL-9-1,CO_1,1,FL_9,1,5,16.8,6.1,75,84,72.3,5.26,16,13,0.15222,0.23906,0.08684,,Steve_Keller
20,mid,1,CO-11-1_x_FL-9-1,CO_1,1,FL_9,1,2,18.5,NA,NA,84,NA,NA,NA,NA,0.15222,0.23906,0.08684,,NA
29,mid,1,CO-11-1_x_SP-20-2,CO_1,1,SP_20,2,3,NA,NA,54,84,55.6,4.33,18,14,0.15222,0.485306,0.333086,,Ashlee_Nowell
32,end,2,CO-11-1_x_SP-20-2,CO_1,1,SP_20,2,2,17.8,NA,NA,71,70,6.04,14,11,0.15222,0.485306,0.333086,,Jane
33,end,2,CO-11-1_x_SP-20-2,CO_1,1,SP_20,2,1,NA,NA,NA,71,78,6.2,13,33,0.15222,0.485306,0.333086,,NA
30,end,1,CO-11-1_x_SP-20-2,CO_1,1,SP_20,2,4,21.8,NA,NA,85,82.4,6.43,36,3,0.15222,0.485306,0.333086,,Maddi_Sorrentino
31,mid,1,CO-11-1_x_SP-20-2,CO_1,1,SP_20,2,6,15.9,NA,NA,84,88.5,6.43,22,0,0.15222,0.485306,0.333086,,NA
34,mid,1,CO-6-2_x_CB-4-1,CO_6,2,CB_4,1,1,17.4,NA,NA,84,90.5,7.02,3,0,0.345647,0.420708647,0.075061647,sireK1 is average of population,NA
38,end,2,CO-6-2_x_CB-4-1,CO_6,2,CB_4,1,2,18.5,7.9,NA,85,94.3,4.86,17,2,0.345647,0.420708647,0.075061647,,Ashlee_Nowell
40,end,2,CO-6-2_x_CB-4-1,CO_6,2,CB_4,1,3,29.7,NA,NA,71,101.3,6.49,40,1,0.345647,0.420708647,0.075061647,,NA
35,mid,2,CO-6-2_x_CB-4-1,CO_6,2,CB_4,1,3,NA,7.8,70,85,101.3,6.75,46,1,0.345647,0.420708647,0.075061647,,Keith
41,end,2,CO-6-2_x_CB-4-1,CO_6,2,CB_4,1,2,18.5,7.9,NA,71,102.2,4.97,31,0,0.345647,0.420708647,0.075061647,,NA
42,end,2,CO-6-2_x_CB-4-1,CO_6,2,CB_4,1,4,NA,NA,NA,71,109.3,6.99,18,0,0.345647,0.420708647,0.075061647,,NA
43,end,2,CO-6-2_x_CB-4-1,CO_6,2,CB_4,1,5,NA,NA,NA,71,116.2,5.6,33,1,0.345647,0.420708647,0.075061647,,NA
36,mid,2,CO-6-2_x_CB-4-1,CO_6,2,CB_4,1,5,26,7.8,73,84,117.3,5.56,25,1,0.345647,0.420708647,0.075061647,,Steve_Keller
39,mid,2,CO-6-2_x_CB-4-1,CO_6,2,CB_4,1,1,21.2,7.4,NA,84,123.7,5.04,22,1,0.345647,0.420708647,0.075061647,,Steve_Keller
37,mid,2,CO-6-2_x_CB-4-1,CO_6,2,CB_4,1,4,17.6,6.6,73,83,126.3,6.09,18,0,0.345647,0.420708647,0.075061647,,Steve_Keller
53,mid,2,CO-9-1_x_HV-18-1,CO_9,1,HV_18,1,2,18.2,5.4,NA,85,46.4,4.9,6,26,0.314401,0.00001,0.314391,,Keith
48,end,2,CO-9-1_x_HV-18-1,CO_9,1,HV_18,1,4,28.2,7.2,59,84,59.1,5.66,28,5,0.314401,0.00001,0.314391,,Ashlee_Nowell
50,mid,2,CO-9-1_x_HV-18-1,CO_9,1,HV_18,1,5,25.9,6.8,61,84,59.8,4.63,22,24,0.314401,0.00001,0.314391,,Steve_Keller
54,end,2,CO-9-1_x_HV-18-1,CO_9,1,HV_18,1,3,NA,NA,NA,84,61.2,4.8,12,31,0.314401,0.00001,0.314391,,Maddi_Sorrentino
49,end,2,CO-9-1_x_HV-18-1,CO_9,1,HV_18,1,6,20.9,7.8,61,85,63.9,4.13,13,14,0.314401,0.00001,0.314391,,Ashlee_Nowell
46,mid,1,CO-9-1_x_HV-18-1,CO_9,1,HV_18,1,3,19.4,NA,60,84,64.2,5.58,33,5,0.314401,0.00001,0.314391,,Steve_Keller
55,end,2,CO-9-1_x_HV-18-1,CO_9,1,HV_18,1,5,NA,NA,NA,71,69.2,5,17,16,0.314401,0.00001,0.314391,,NA
44,mid,1,CO-9-1_x_HV-18-1,CO_9,1,HV_18,1,1,NA,NA,54,84,72.2,2.98,18,14,0.314401,0.00001,0.314391,,Ashlee_Nowell
52,mid,2,CO-9-1_x_HV-18-1,CO_9,1,HV_18,1,3,18.6,7.4,66,83,75,5.43,38,9,0.314401,0.00001,0.314391,,Maddi_Sorrentino
51,end,2,CO-9-1_x_HV-18-1,CO_9,1,HV_18,1,6,20.9,7.8,61,71,78.7,4.01,20,18,0.314401,0.00001,0.314391,,NA
47,mid,1,CO-9-1_x_HV-18-1,CO_9,1,HV_18,1,4,10.8,NA,NA,84,83.1,5.04,22,0,0.314401,0.00001,0.314391,,Steve_Keller
45,mid,1,CO-9-1_x_HV-18-1,CO_9,1,HV_18,1,2,24.4,NA,54,84,87,4.86,18,20,0.314401,0.00001,0.314391,,NA
63,end,2,DF-19-2_x_CO-19-1,DF_19,2,CO_19,1,1,18.6,5.7,NA,84,38.6,3.92,7,21,0.003817692,0.488514,0.484696308,,Maddi_Sorrentino
58,mid,1,DF-19-2_x_CO-19-1,DF_19,2,CO_19,1,1,12.7,NA,NA,84,49.2,3.71,15,7,0.003817692,0.488514,0.484696308,,Steve_Keller
57,mid,1,DF-19-2_x_CO-19-1,DF_19,2,CO_19,1,5,16.1,NA,NA,84,53.1,4.41,4,27,0.003817692,0.488514,0.484696308,,Ashlee_Nowell
61,mid,2,DF-19-2_x_CO-19-1,DF_19,2,CO_19,1,3,15.2,5.6,49,83,54.5,4.03,10,20,0.003817692,0.488514,0.484696308,,Maddi_Sorrentino
60,end,2,DF-19-2_x_CO-19-1,DF_19,2,CO_19,1,4,NA,NA,NA,84,55,5.22,12,19,0.003817692,0.488514,0.484696308,,NA
59,mid,1,DF-19-2_x_CO-19-1,DF_19,2,CO_19,1,3,17.7,NA,NA,84,64.6,6.32,8,21,0.003817692,0.488514,0.484696308,,Steve_Keller
56,mid,1,DF-19-2_x_CO-19-1,DF_19,2,CO_19,1,6,NA,NA,68,84,67.6,4.55,6,0,0.003817692,0.488514,0.484696308,damK1 is average of pop,Steve_Keller
62,mid,2,DF-19-2_x_CO-19-1,DF_19,2,CO_19,1,4,19.8,4.7,NA,85,70.5,4.89,6,24,0.003817692,0.488514,0.484696308,,Keith
64,end,2,FC-21-1_x_WV-3-2,FC_21,1,WV_3,2,2,NA,NA,NA,71,61.5,4.97,11,1,0.033598,NA,NA,sire k1s too spread out in pop,NA
65,end,2,FC-21-1_x_WV-3-2,FC_21,1,WV_3,2,1,NA,NA,NA,71,61.7,4.6,6,23,0.033598,NA,NA,,NA
68,mid,2,FC-9-2_x_JF-25-1,FC_9,2,JF_25,1,3,0.7,5.5,NA,84,5.2,2.95,0,0,0.00001,0.99999,0.99998,,Ashlee_Nowell
66,end,2,FC-9-2_x_JF-25-1,FC_9,2,JF_25,1,1,12.5,7.7,75,85,39.4,4.13,25,4,0.00001,0.99999,0.99998,sirek1 is average of pop,Ashlee_Nowell
69,end,2,FC-9-2_x_JF-25-1,FC_9,2,JF_25,1,4,14.5,7.4,NA,85,52.3,4.33,14,8,0.00001,0.99999,0.99998,,Keith
67,end,2,FC-9-2_x_JF-25-1,FC_9,2,JF_25,1,2,15.8,4.1,80,84,59.5,4.85,8,13,0.00001,0.99999,0.99998,,Maddi_Sorrentino
75,end,2,FL-6-2_x_LH-10-2,FL_6,2,LH_10,2,1,23.2,6.3,NA,85,55.4,4.11,5,44,0.290447,0.409249,0.118802,,Ashlee_Nowell
71,mid,1,FL-6-2_x_LH-10-2,FL_6,2,LH_10,2,3,NA,NA,NA,84,60.5,3.06,14,20,0.290447,0.409249,0.118802,,Ashlee_Nowell
74,mid,2,FL-6-2_x_LH-10-2,FL_6,2,LH_10,2,2,12.6,5.2,63,84,64.7,4.53,16,13,0.290447,0.409249,0.118802,,Steve_Keller
70,mid,1,FL-6-2_x_LH-10-2,FL_6,2,LH_10,2,1,13.1,NA,56,84,71.5,3.6,21,5,0.290447,0.409249,0.118802,,NA
72,mid,1,FL-6-2_x_LH-10-2,FL_6,2,LH_10,2,2,15.2,NA,NA,84,72.1,5.51,17,20,0.290447,0.409249,0.118802,,Steve_Keller
73,mid,2,FL-6-2_x_LH-10-2,FL_6,2,LH_10,2,3,20.8,6.9,56,83,77.5,6.45,19,6,0.290447,0.409249,0.118802,,Steve_Keller
76,end,2,FL-6-2_x_LH-10-2,FL_6,2,LH_10,2,4,15.5,NA,NA,71,78.9,7.08,13,7,0.290447,0.409249,0.118802,,NA
79,mid,1,FL-9-2_x_JF-25-1,FL_9,2,JF_25,1,3,7.6,NA,NA,84,38.5,2.37,1,0,0.23906,0.99999,0.76093,,NA
80,end,2,FL-9-2_x_JF-25-1,FL_9,2,JF_25,1,4,12,NA,NA,84,45,3.92,13,1,0.23906,0.99999,0.76093,,NA
82,end,2,FL-9-2_x_JF-25-1,FL_9,2,JF_25,1,2,11.6,NA,NA,71,50,3.9,21,0,0.23906,0.99999,0.76093,,Jane
77,mid,1,FL-9-2_x_JF-25-1,FL_9,2,JF_25,1,6,12.6,NA,NA,84,54.3,4.3,19,0,0.23906,0.99999,0.76093,sirek1 is average of pop,Steve_Keller
81,end,2,FL-9-2_x_JF-25-1,FL_9,2,JF_25,1,1,NA,NA,75,71,59,5.16,15,0,0.23906,0.99999,0.76093,,NA
78,mid,1,FL-9-2_x_JF-25-1,FL_9,2,JF_25,1,1,NA,NA,NA,84,66.5,5.18,27,3,0.23906,0.99999,0.76093,,Steve_Keller
83,end,2,FL-9-2_x_JF-25-1,FL_9,2,JF_25,1,5,NA,NA,NA,71,67.5,8.1,23,4,0.23906,0.99999,0.76093,,Jane
86,end,2,FL-9-2_x_MC-4-2,FL_9,2,MC_4,2,1,28.4,11.2,54,85,57.1,5.53,24,21,0.23906,0.00402,0.23504,,Ashlee_Nowell
89,end,2,FL-9-2_x_MC-4-2,FL_9,2,MC_4,2,2,18.3,6.4,80,85,59.6,4.76,13,20,0.23906,0.00402,0.23504,,Ashlee_Nowell
90,end,2,FL-9-2_x_MC-4-2,FL_9,2,MC_4,2,2,18.3,6.4,80,71,70.4,6.83,11,12,0.23906,0.00402,0.23504,,NA
92,end,2,FL-9-2_x_MC-4-2,FL_9,2,MC_4,2,5,NA,NA,NA,71,71,5.06,23,6,0.23906,0.00402,0.23504,,NA
85,mid,2,FL-9-2_x_MC-4-2,FL_9,2,MC_4,2,4,25,6.1,47,83,73,5.68,17,18,0.23906,0.00402,0.23504,,Keith
84,mid,1,FL-9-2_x_MC-4-2,FL_9,2,MC_4,2,3,20.7,NA,54,84,74.2,5.03,25,16,0.23906,0.00402,0.23504,sirek1 is avg of pop,Steve_Keller
91,mid,2,FL-9-2_x_MC-4-2,FL_9,2,MC_4,2,6,28.3,7.4,NA,84,80.3,4.7,37,3,0.23906,0.00402,0.23504,,Steve_Keller
93,end,2,FL-9-2_x_MC-4-2,FL_9,2,MC_4,2,4,23.3,NA,NA,71,87.1,5.6,34,1,0.23906,0.00402,0.23504,,NA
88,mid,2,FL-9-2_x_MC-4-2,FL_9,2,MC_4,2,5,21.5,6.1,77,83,91.7,6.18,47,1,0.23906,0.00402,0.23504,,Steve_Keller
87,mid,2,FL-9-2_x_MC-4-2,FL_9,2,MC_4,2,3,23.9,7.2,68,83,103.8,6.31,29,8,0.23906,0.00402,0.23504,,Keith
97,end,2,JF-14-1_x_FC-21-1,JF_14,1,FC_21,1,4,17.6,5.3,42,84,55.5,4.52,4,21,0.99999,0.033598,0.966392,,Maddi_Sorrentino
94,mid,1,JF-14-1_x_FC-21-1,JF_14,1,FC_21,1,3,12.9,NA,54,84,57.8,6.59,6,11,0.99999,0.033598,0.966392,damK1 is average of pop,Ashlee_Nowell
98,mid,2,JF-14-1_x_FC-21-1,JF_14,1,FC_21,1,3,16.9,9.4,47,83,63.1,4.88,5,18,0.99999,0.033598,0.966392,,Steve_Keller
102,mid,2,JF-14-1_x_FC-21-1,JF_14,1,FC_21,1,6,19.9,7.2,NA,83,66,4.53,1,26,0.99999,0.033598,0.966392,,Steve_Keller
100,mid,2,JF-14-1_x_FC-21-1,JF_14,1,FC_21,1,1,25.3,6.5,NA,85,71.2,4.73,4,27,0.99999,0.033598,0.966392,,Keith
99,mid,2,JF-14-1_x_FC-21-1,JF_14,1,FC_21,1,2,17.1,7.1,73,84,71.9,4.6,2,10,0.99999,0.033598,0.966392,,Steve_Keller
95,end,1,JF-14-1_x_FC-21-1,JF_14,1,FC_21,1,1,18.6,NA,60,85,82.5,6.06,18,5,0.99999,0.033598,0.966392,,Maddi_Sorrentino
96,mid,1,JF-14-1_x_FC-21-1,JF_14,1,FC_21,1,4,NA,NA,NA,84,82.6,4.81,11,18,0.99999,0.033598,0.966392,,Ashlee_Nowell
103,end,2,JF-14-1_x_FC-21-1,JF_14,1,FC_21,1,2,NA,NA,NA,71,86.6,6.13,8,13,0.99999,0.033598,0.966392,,NA
101,mid,2,JF-14-1_x_FC-21-1,JF_14,1,FC_21,1,5,18.9,6.6,NA,85,88.2,5.01,4,14,0.99999,0.033598,0.966392,,Keith
112,mid,2,JF-25-1_x_RM-54-2,JF_25,1,RM_54,2,6,16,6.3,NA,85,54.9,4.67,8,14,0.99999,0.00001,0.99998,,Keith
106,mid,1,JF-25-1_x_RM-54-2,JF_25,1,RM_54,2,2,NA,NA,NA,84,59,8.25,11,8,0.99999,0.00001,0.99998,,NA
107,end,2,JF-25-1_x_RM-54-2,JF_25,1,RM_54,2,4,17.7,6.3,56,85,62.2,5.02,7,13,0.99999,0.00001,0.99998,,Ashlee_Nowell
108,end,2,JF-25-1_x_RM-54-2,JF_25,1,RM_54,2,4,17.7,6.3,56,71,62.4,4.13,13,9,0.99999,0.00001,0.99998,,NA
105,mid,1,JF-25-1_x_RM-54-2,JF_25,1,RM_54,2,6,NA,NA,NA,84,64.5,4.07,10,9,0.99999,0.00001,0.99998,,Steve_Keller
111,mid,2,JF-25-1_x_RM-54-2,JF_25,1,RM_54,2,5,17.3,7.4,73,83,65.5,4.44,4,9,0.99999,0.00001,0.99998,,Maddi_Sorrentino
104,mid,1,JF-25-1_x_RM-54-2,JF_25,1,RM_54,2,1,NA,NA,NA,84,66.3,4.58,14,2,0.99999,0.00001,0.99998,damK1 is average of pop,Maddi_Sorrentino
109,mid,2,JF-25-1_x_RM-54-2,JF_25,1,RM_54,2,2,17.8,7.3,68,83,68.3,6.35,9,11,0.99999,0.00001,0.99998,,Steve_Keller
110,mid,2,JF-25-1_x_RM-54-2,JF_25,1,RM_54,2,3,21,7.6,68,84,75.3,5.5,16,12,0.99999,0.00001,0.99998,,Steve_Keller
114,end,2,JF-25-1_x_RM-54-2,JF_25,1,RM_54,2,3,NA,NA,NA,71,79,4.65,8,9,0.99999,0.00001,0.99998,,NA
113,mid,2,JF-25-1_x_RM-54-2,JF_25,1,RM_54,2,1,20.6,6.5,NA,85,81.5,6.11,9,11,0.99999,0.00001,0.99998,,Keith
115,end,2,JF-25-1_x_RM-54-2,JF_25,1,RM_54,2,5,NA,NA,NA,71,82,6.08,10,2,0.99999,0.00001,0.99998,,NA
117,end,2,JF-4-2_x_SP-6B-2,JF_4,2,SP_6B,2,1,NA,NA,NA,71,62.7,5.64,1,0,0.99999,0.544372,0.455618,,NA
116,mid,1,JF-4-2_x_SP-6B-2,JF_4,2,SP_6B,2,2,NA,NA,54,84,89.1,5.75,23,8,0.99999,0.544372,0.455618,,NA
127,end,2,JV-13-1_x_CB-9-1,JV_13,1,CB_9,1,6,11.2,NA,NA,71,52.5,3.78,1,0,0.291847,0.32146,0.029613,,NA
122,mid,2,JV-13-1_x_CB-9-1,JV_13,1,CB_9,1,6,13.5,6.6,82,84,58.7,6.17,13,0,0.291847,0.32146,0.029613,,Ashlee_Nowell
128,end,2,JV-13-1_x_CB-9-1,JV_13,1,CB_9,1,5,16.7,NA,NA,71,63.9,5.17,25,0,0.291847,0.32146,0.029613,,NA
118,mid,1,JV-13-1_x_CB-9-1,JV_13,1,CB_9,1,2,19.1,NA,53,84,67.5,5.98,21,24,0.291847,0.32146,0.029613,,Steve_Keller
119,mid,1,JV-13-1_x_CB-9-1,JV_13,1,CB_9,1,4,19.8,NA,56,84,80.5,7.63,35,8,0.291847,0.32146,0.029613,,NA
124,mid,2,JV-13-1_x_CB-9-1,JV_13,1,CB_9,1,1,14.8,6.8,NA,83,81,4.99,28,1,0.291847,0.32146,0.029613,,Steve_Keller
125,mid,2,JV-13-1_x_CB-9-1,JV_13,1,CB_9,1,5,16.9,5.2,NA,84,82.6,6.88,12,0,0.291847,0.32146,0.029613,,Steve_Keller
121,mid,1,JV-13-1_x_CB-9-1,JV_13,1,CB_9,1,3,NA,NA,77,84,89,6.59,15,0,0.291847,0.32146,0.029613,,NA
120,mid,1,JV-13-1_x_CB-9-1,JV_13,1,CB_9,1,1,14.5,NA,77,84,94.3,6.11,27,0,0.291847,0.32146,0.029613,,Maddi_Sorrentino
123,end,2,JV-13-1_x_CB-9-1,JV_13,1,CB_9,1,2,10.1,5.6,NA,85,NA,NA,NA,NA,0.291847,0.32146,0.029613,,Ashlee_Nowell
126,mid,2,JV-13-1_x_CB-9-1,JV_13,1,CB_9,1,3,8.8,5.3,NA,83,NA,NA,NA,NA,0.291847,0.32146,0.029613,,Steve_Keller
129,end,2,JV-13-1_x_CB-9-1,JV_13,1,CB_9,1,4,NA,NA,NA,71,NA,NA,NA,NA,0.291847,0.32146,0.029613,,NA
135,mid,2,LH-13-1_x_JF-10-2,LH_13,1,JF_10,2,2,16.3,6.8,53,83,45.7,4.37,17,16,0.383349,0.99999,0.616641,,Keith
133,end,2,LH-13-1_x_JF-10-2,LH_13,1,JF_10,2,4,NA,5.6,47,84,52.7,3.82,3,24,0.383349,0.99999,0.616641,,Ashlee_Nowell
131,end,2,LH-13-1_x_JF-10-2,LH_13,1,JF_10,2,4,13.4,NA,61,84,56,4.23,19,2,0.383349,0.99999,0.616641,,Steve_Keller
140,end,2,LH-13-1_x_JF-10-2,LH_13,1,JF_10,2,3,NA,NA,NA,71,58.6,4.2,7,20,0.383349,0.99999,0.616641,,NA
138,mid,2,LH-13-1_x_JF-10-2,LH_13,1,JF_10,2,3,17.1,5.2,61,83,61.8,3.97,14,11,0.383349,0.99999,0.616641,,Maddi_Sorrentino
139,mid,2,LH-13-1_x_JF-10-2,LH_13,1,JF_10,2,1,18.1,5.5,NA,85,63.1,4.46,9,15,0.383349,0.99999,0.616641,,Keith
137,end,2,LH-13-1_x_JF-10-2,LH_13,1,JF_10,2,1,NA,NA,59,71,63.4,4.5,25,6,0.383349,0.99999,0.616641,,NA
130,end,1,LH-13-1_x_JF-10-2,LH_13,1,JF_10,2,2,18.3,NA,60,85,64.5,5.45,32,6,0.383349,0.99999,0.616641,sireK1 is average of population,Maddi_Sorrentino
136,mid,2,LH-13-1_x_JF-10-2,LH_13,1,JF_10,2,5,20.1,6.5,56,84,64.8,5.08,18,21,0.383349,0.99999,0.616641,,Steve_Keller
132,mid,1,LH-13-1_x_JF-10-2,LH_13,1,JF_10,2,5,17.7,NA,NA,84,70.4,5.38,11,14,0.383349,0.99999,0.616641,,Steve_Keller
134,end,2,LH-13-1_x_JF-10-2,LH_13,1,JF_10,2,6,15,4.1,49,84,74.3,4.67,5,17,0.383349,0.99999,0.616641,,Ashlee_Nowell
141,mid,1,MC-1-1_x_JV-13-1,MC_1,1,JV_13,1,2,27.3,NA,70,84,49.8,7.52,41,1,0.240463,0.291847,0.051384,,NA
144,mid,1,MC-1-1_x_JV-13-1,MC_1,1,JV_13,1,4,21.3,5.8,54,85,55.4,5.47,21,17,0.240463,0.291847,0.051384,,Ashlee_Nowell
148,mid,2,MC-1-1_x_JV-13-1,MC_1,1,JV_13,1,2,27.5,NA,NA,85,79.6,5.8,34,20,0.240463,0.291847,0.051384,,Keith
145,mid,2,MC-1-1_x_JV-13-1,MC_1,1,JV_13,1,1,17.5,6.7,56,83,83.5,5.19,19,12,0.240463,0.291847,0.051384,,Steve_Keller
147,end,2,MC-1-1_x_JV-13-1,MC_1,1,JV_13,1,5,25.6,7.6,NA,85,84.3,5.05,28,1,0.240463,0.291847,0.051384,,Ashlee_Nowell
146,mid,2,MC-1-1_x_JV-13-1,MC_1,1,JV_13,1,3,19.2,6.2,66,84,87.2,7.59,27,2,0.240463,0.291847,0.051384,,Ashlee_Nowell
149,end,2,MC-1-1_x_JV-13-1,MC_1,1,JV_13,1,1,19.6,NA,NA,71,95.1,5.24,29,2,0.240463,0.291847,0.051384,,NA
142,mid,1,MC-1-1_x_JV-13-1,MC_1,1,JV_13,1,4,12.1,NA,75,84,99.3,6.12,9,0,0.240463,0.291847,0.051384,,Steve_Keller
143,mid,1,MC-1-1_x_JV-13-1,MC_1,1,JV_13,1,3,19.3,NA,NA,84,104.6,7.48,30,4,0.240463,0.291847,0.051384,,Steve_Keller
156,end,2,MP-12-1_x_SP-16-2,MP_12,1,SP_16,2,4,11.9,NA,NA,71,61,4.24,6,1,0.806722,0.549527,0.257195,,Jane
153,mid,2,MP-12-1_x_SP-16-2,MP_12,1,SP_16,2,2,14.5,6.3,47,83,67.1,5.26,10,16,0.806722,0.549527,0.257195,,Steve_Keller
152,mid,2,MP-12-1_x_SP-16-2,MP_12,1,SP_16,2,5,18.1,5.6,46,83,71.1,5.06,10,14,0.806722,0.549527,0.257195,,Steve_Keller
150,mid,1,MP-12-1_x_SP-16-2,MP_12,1,SP_16,2,5,11.4,NA,58,84,73.5,5.98,9,5,0.806722,0.549527,0.257195,sirek1 is avg of pop,NA
151,mid,1,MP-12-1_x_SP-16-2,MP_12,1,SP_16,2,1,13.1,NA,NA,84,76,4.97,5,9,0.806722,0.549527,0.257195,,Steve_Keller
157,mid,2,MP-12-1_x_SP-16-2,MP_12,1,SP_16,2,4,19.3,8,NA,84,89.3,5.13,15,11,0.806722,0.549527,0.257195,,Steve_Keller
154,end,2,MP-12-1_x_SP-16-2,MP_12,1,SP_16,2,3,11.6,7.4,53,85,91.2,4.23,3,11,0.806722,0.549527,0.257195,,Ashlee_Nowell
158,end,2,MP-12-1_x_SP-16-2,MP_12,1,SP_16,2,2,NA,NA,NA,71,95.4,6.9,18,6,0.806722,0.549527,0.257195,,NA
155,end,2,MP-12-1_x_SP-16-2,MP_12,1,SP_16,2,3,11.6,0.4,53,71,96,7.54,16,5,0.806722,0.549527,0.257195,,NA
160,end,2,MP-14-1_x_SP-6B-2,MP_14,1,SP_6B,2,1,NA,NA,NA,71,57.2,2.76,22,1,0.923825,0.544372,0.379453,,NA
159,mid,1,MP-14-1_x_SP-6B-2,MP_14,1,SP_6B,2,2,NA,NA,NA,84,NA,NA,NA,NA,0.923825,0.544372,0.379453,,NA
161,end,2,MP-14-1_X_WR-Y-2,MP_14,1,WR_Y,2,3,NA,NA,NA,71,5.7,NA,0,0,0.923825,0.532284,0.391541,,NA
162,end,2,MP-14-1_X_WR-Y-2,MP_14,1,WR_Y,2,1,NA,NA,NA,71,56.7,4.89,16,2,0.923825,0.532284,0.391541,,NA
163,end,2,MP-14-1_X_WR-Y-2,MP_14,1,WR_Y,2,2,NA,NA,NA,71,66.7,4.46,6,11,0.923825,0.532284,0.391541,,NA
168,mid,2,MP-2-2_x_JF-4-2B,MP_2,2,JF_4,2B,4,17.6,4.1,46,71,29.6,6,19,9,0.99999,0.99999,0,,NA
172,end,2,MP-2-2_x_JF-4-2B,MP_2,2,JF_4,2B,5,15.2,6.4,53,85,50.7,4.62,4,14,0.99999,0.99999,0,,Ashlee_Nowell
167,end,2,MP-2-2_x_JF-4-2B,MP_2,2,JF_4,2B,4,17.6,4.1,46,84,52.1,4.85,8,23,0.99999,0.99999,0,,Ashlee_Nowell
173,end,2,MP-2-2_x_JF-4-2B,MP_2,2,JF_4,2B,1,18.1,4.9,53,85,53.1,4.96,4,15,0.99999,0.99999,0,,Ashlee_Nowell
169,mid,2,MP-2-2_x_JF-4-2B,MP_2,2,JF_4,2B,3,19.3,6.1,47,83,63.5,5.22,9,21,0.99999,0.99999,0,,Keith
170,end,2,MP-2-2_x_JF-4-2B,MP_2,2,JF_4,2B,3,19.3,NA,47,71,68.2,5.44,10,2,0.99999,0.99999,0,,NA
174,mid,2,MP-2-2_x_JF-4-2B,MP_2,2,JF_4,2B,6,22,7,54,83,72,4.27,13,13,0.99999,0.99999,0,,Keith
171,mid,2,MP-2-2_x_JF-4-2B,MP_2,2,JF_4,2B,2,18.3,7.3,49,83,76.1,3.95,8,20,0.99999,0.99999,0,,Keith
165,mid,1,MP-2-2_x_JF-4-2B,MP_2,2,JF_4,2B,1,16.2,NA,75,84,80.6,6.57,16,0,0.99999,0.99999,0,,Steve_Keller
166,mid,1,MP-2-2_x_JF-4-2B,MP_2,2,JF_4,2B,2,16,NA,NA,84,81.4,4.7,20,0,0.99999,0.99999,0,,Maddi_Sorrentino
164,mid,1,MP-2-2_x_JF-4-2B,MP_2,2,JF_4,2B,5,NA,NA,54,84,102.9,5.69,13,9,0.99999,0.99999,0,sirek1s are average of pop,Steve_Keller
180,mid,2,MP-5-1_x_SP-6B-2,MP_5,1,SP_6B,2,2,18.3,6.7,63,83,72.7,4.81,31,3,0.99999,0.544372,0.455618,,Maddi_Sorrentino
176,mid,1,MP-5-1_x_SP-6B-2,MP_5,1,SP_6B,2,5,16.1,NA,61,84,74.2,5.37,24,1,0.99999,0.544372,0.455618,,Steve_Keller
181,end,2,MP-5-1_x_SP-6B-2,MP_5,1,SP_6B,2,3,14.4,8.8,73,85,78.2,5.15,0,0,0.99999,0.544372,0.455618,,Ashlee_Nowell
182,mid,2,MP-5-1_x_SP-6B-2,MP_5,1,SP_6B,2,5,13.4,7.2,NA,83,79.2,4.71,18,0,0.99999,0.544372,0.455618,,Steve_Keller
183,end,2,MP-5-1_x_SP-6B-2,MP_5,1,SP_6B,2,4,NA,NA,NA,71,79.3,5.2,18,0,0.99999,0.544372,0.455618,,NA
179,mid,2,MP-5-1_x_SP-6B-2,MP_5,1,SP_6B,2,4,16.2,7.6,63,83,84.5,4.67,20,1,0.99999,0.544372,0.455618,,Keith
184,end,2,MP-5-1_x_SP-6B-2,MP_5,1,SP_6B,2,2,NA,NA,NA,71,89.9,5.13,7,0,0.99999,0.544372,0.455618,,NA
178,mid,1,MP-5-1_x_SP-6B-2,MP_5,1,SP_6B,2,2,NA,NA,NA,84,91.6,5.92,16,2,0.99999,0.544372,0.455618,,Maddi_Sorrentino
185,end,2,MP-5-1_x_SP-6B-2,MP_5,1,SP_6B,2,1,19.5,NA,NA,71,92.6,7.14,23,0,0.99999,0.544372,0.455618,,NA
177,end,1,MP-5-1_x_SP-6B-2,MP_5,1,SP_6B,2,3,NA,NA,67,85,97.5,5.64,17,1,0.99999,0.544372,0.455618,,Maddi_Sorrentino
175,mid,1,MP-5-1_x_SP-6B-2,MP_5,1,SP_6B,2,3,12.7,NA,56,84,99.4,5.77,13,5,0.99999,0.544372,0.455618,,Steve_Keller
195,end,2,MP-9-2_x_WR-R-1,MP_9,2,WR_R,1,5,14.9,NA,NA,71,14.1,3.69,0,0,0.892878,0.480274,0.412604,,NA
196,end,2,MP-9-2_x_WR-R-1,MP_9,2,WR_R,1,5,14.9,NA,NA,71,60.2,5.4,11,10,0.892878,0.480274,0.412604,,NA
191,mid,2,MP-9-2_x_WR-R-1,MP_9,2,WR_R,1,2,18.8,8.1,66,84,62,5.83,24,3,0.892878,0.480274,0.412604,,Steve_Keller
190,mid,2,MP-9-2_x_WR-R-1,MP_9,2,WR_R,1,3,13.2,4.9,66,83,62.5,4.64,15,4,0.892878,0.480274,0.412604,,Keith
186,mid,1,MP-9-2_x_WR-R-1,MP_9,2,WR_R,1,1,14.7,NA,56,84,64.4,4.54,5,8,0.892878,0.480274,0.412604,,Steve_Keller
187,mid,1,MP-9-2_x_WR-R-1,MP_9,2,WR_R,1,6,9.8,NA,77,84,65,7.66,10,0,0.892878,0.480274,0.412604,,NA
189,end,2,MP-9-2_x_WR-R-1,MP_9,2,WR_R,1,4,20.2,7.1,63,84,65.4,5.23,9,11,0.892878,0.480274,0.412604,,Maddi_Sorrentino
193,mid,2,MP-9-2_x_WR-R-1,MP_9,2,WR_R,1,1,14.8,6.7,NA,83,65.5,4.75,3,10,0.892878,0.480274,0.412604,,Steve_Keller
197,end,2,MP-9-2_x_WR-R-1,MP_9,2,WR_R,1,4,20.2,7.1,NA,71,70.2,6.57,38,15,0.892878,0.480274,0.412604,,NA
192,end,2,MP-9-2_x_WR-R-1,MP_9,2,WR_R,1,3,NA,NA,NA,71,73,5.39,11,2,0.892878,0.480274,0.412604,,Jane
188,mid,1,MP-9-2_x_WR-R-1,MP_9,2,WR_R,1,2,NA,NA,NA,84,95.6,5.65,16,1,0.892878,0.480274,0.412604,,NA
194,mid,2,MP-9-2_x_WR-R-1,MP_9,2,WR_R,1,6,12.7,5.1,NA,84,NA,NA,NA,NA,0.892878,0.480274,0.412604,,Steve_Keller
201,mid,2,MP-C-1_x_FC-26-1,MP_C,1,FC_26,1,3,22.8,8.8,NA,83,49.1,3.74,21,8,NA,NA,NA,,Steve_Keller
198,end,1,MP-C-1_x_FC-26-1,MP_C,1,FC_26,1,1,18.1,NA,NA,85,50.3,4.55,1,17,NA,NA,NA,dam K1s from pop too spread out,Maddi_Sorrentino
202,end,2,MP-C-1_x_FC-26-1,MP_C,1,FC_26,1,4,18.5,NA,NA,71,50.3,4.58,4,18,NA,NA,NA,,NA
199,mid,1,MP-C-1_x_FC-26-1,MP_C,1,FC_26,1,1,NA,NA,NA,84,54.5,4.56,12,8,NA,NA,NA,,NA
203,end,2,MP-C-1_x_FC-26-1,MP_C,1,FC_26,1,2,19.5,NA,NA,71,57.7,5.5,4,15,NA,NA,NA,,NA
200,end,2,MP-C-1_x_FC-26-1,MP_C,1,FC_26,1,5,NA,NA,NA,71,70.5,6.57,45,22,NA,NA,NA,,Jane
216,end,2,PR-12-1_x_JF-25-1,PR_12,1,JF_25,1,3,4.5,NA,NA,71,20.5,5.06,2,3,0.00001,0.99999,0.99998,,Jane
217,mid,2,PR-12-1_x_JF-25-1,PR_12,1,JF_25,1,1,15.1,7,NA,85,46.3,4.36,1,8,0.00001,0.99999,0.99998,,Ashlee_Nowell
208,end,1,PR-12-1_x_JF-25-1,PR_12,1,JF_25,1,5,17.8,NA,60,85,56.3,5.92,7,14,0.00001,0.99999,0.99998,,Ashlee_Nowell
210,mid,2,PR-12-1_x_JF-25-1,PR_12,1,JF_25,1,3,14.8,8.4,59,83,60.6,5.41,7,11,0.00001,0.99999,0.99998,,Jane
214,end,2,PR-12-1_x_JF-25-1,PR_12,1,JF_25,1,1,NA,NA,75,71,61,5,1,14,0.00001,0.99999,0.99998,,Keith
212,end,2,PR-12-1_x_JF-25-1,PR_12,1,JF_25,1,2,17.2,7.1,66,71,63,6.04,12,0,0.00001,0.99999,0.99998,,Maddi_Sorrentino
207,mid,1,PR-12-1_x_JF-25-1,PR_12,1,JF_25,1,6,13.8,NA,54,84,64.4,4.81,5,9,0.00001,0.99999,0.99998,,Maddi_Sorrentino
213,mid,2,PR-12-1_x_JF-25-1,PR_12,1,JF_25,1,4,13.8,6.6,73,83,64.6,8.68,5,10,0.00001,0.99999,0.99998,,Jane
209,mid,2,PR-12-1_x_JF-25-1,PR_12,1,JF_25,1,5,14.1,5.3,53,83,66.1,5.56,5,14,0.00001,0.99999,0.99998,,Jane
211,end,2,PR-12-1_x_JF-25-1,PR_12,1,JF_25,1,2,17.2,7.1,66,84,67.2,5.19,6,11,0.00001,0.99999,0.99998,,Steve_Keller
215,end,2,PR-12-1_x_JF-25-1,PR_12,1,JF_25,1,6,14.3,3.1,NA,84,75.7,5.06,11,3,0.00001,0.99999,0.99998,,Steve_Keller
218,end,2,PR-12-1_x_JF-25-1,PR_12,1,JF_25,1,4,NA,NA,NA,71,78.3,7.25,4,11,0.00001,0.99999,0.99998,,Keith
222,end,2,PR-12-6_x_WV-8-2,PR_12,6,WV_8,2,4,7.7,NA,NA,84,51.5,4.21,4,8,0.00001,NA,NA,,Ashlee_Nowell
223,mid,1,PR-12-6_x_WV-8-2,PR_12,6,WV_8,2,3,13,NA,NA,84,51.5,6.14,8,16,0.00001,NA,NA,,Ashlee_Nowell
219,mid,1,PR-12-6_x_WV-8-2,PR_12,6,WV_8,2,6,8.4,NA,60,84,73.9,4.46,12,5,0.00001,NA,NA,sire k1s too spread out in pop,NA
224,end,2,PR-12-6_x_WV-8-2,PR_12,6,WV_8,2,2,9.8,NA,NA,71,77.1,6.23,12,2,0.00001,NA,NA,,NA
220,mid,1,PR-12-6_x_WV-8-2,PR_12,6,WV_8,2,5,11.3,NA,67,84,82.2,5.28,13,0,0.00001,NA,NA,,NA
221,mid,1,PR-12-6_x_WV-8-2,PR_12,6,WV_8,2,1,13,NA,NA,84,86.2,4.96,18,1,0.00001,NA,NA,,Steve_Keller
230,end,2,PR-16-2_x_SP-6B-2,PR_16,2,SP_6B,2,3,8.9,5.5,61,85,46.7,4.03,15,13,0.037029,0.544372,0.507343,,NA
232,end,2,PR-16-2_x_SP-6B-2,PR_16,2,SP_6B,2,5,NA,NA,NA,71,68.7,5.26,18,1,0.037029,0.544372,0.507343,,Steve_Keller
229,mid,2,PR-16-2_x_SP-6B-2,PR_16,2,SP_6B,2,4,21.6,7.9,59,84,69.4,4.95,21,16,0.037029,0.544372,0.507343,,Steve_Keller
226,mid,1,PR-16-2_x_SP-6B-2,PR_16,2,SP_6B,2,6,17.3,NA,61,84,71.5,5.72,30,3,0.037029,0.544372,0.507343,,Ashlee_Nowell
233,end,2,PR-16-2_x_SP-6B-2,PR_16,2,SP_6B,2,4,NA,NA,NA,71,73.5,4.76,14,13,0.037029,0.544372,0.507343,,NA
228,mid,2,PR-16-2_x_SP-6B-2,PR_16,2,SP_6B,2,1,15.7,6,54,83,75.2,5.01,12,9,0.037029,0.544372,0.507343,,Steve_Keller
231,end,2,PR-16-2_x_SP-6B-2,PR_16,2,SP_6B,2,1,18.6,NA,NA,71,79.5,6.25,19,2,0.037029,0.544372,0.507343,,Maddi_Sorrentino
225,mid,1,PR-16-2_x_SP-6B-2,PR_16,2,SP_6B,2,3,19.4,NA,54,84,79.6,2.94,26,13,0.037029,0.544372,0.507343,,NA
227,mid,1,PR-16-2_x_SP-6B-2,PR_16,2,SP_6B,2,2,20.7,NA,82,84,80.7,6.08,31,1,0.037029,0.544372,0.507343,,Steve_Keller
246,end,2,PR-16-2_x_WV-7-2,PR_16,2,WV_7,2,4,28.8,NA,NA,71,54.4,4.97,12,19,0.037029,0.931963,0.894934,,Jane
241,end,2,PR-16-2_x_WV-7-2,PR_16,2,WV_7,2,1,20.2,5.9,46,84,54.9,5.48,5,27,0.037029,0.931963,0.894934,,Ashlee_Nowell
242,end,2,PR-16-2_x_WV-7-2,PR_16,2,WV_7,2,1,20.2,5.9,46,71,58.7,5.54,14,16,0.037029,0.931963,0.894934,,Maddi_Sorrentino
247,end,2,PR-16-2_x_WV-7-2,PR_16,2,WV_7,2,4,28.8,NA,NA,71,61.3,5.26,45,5,0.037029,0.931963,0.894934,,NA
248,end,2,PR-16-2_x_WV-7-2,PR_16,2,WV_7,2,2,NA,NA,NA,71,62.5,5.78,35,3,0.037029,0.931963,0.894934,,Ashlee_Nowell
234,end,1,PR-16-2_x_WV-7-2,PR_16,2,WV_7,2,5,20,NA,53,85,66,5.27,15,13,0.037029,0.931963,0.894934,,NA
238,mid,1,PR-16-2_x_WV-7-2,PR_16,2,WV_7,2,2,NA,NA,NA,84,66.3,5.06,24,17,0.037029,0.931963,0.894934,,NA
244,mid,2,PR-16-2_x_WV-7-2,PR_16,2,WV_7,2,2,21.6,5.9,56,84,67.5,5.17,14,33,0.037029,0.931963,0.894934,,NA
235,mid,1,PR-16-2_x_WV-7-2,PR_16,2,WV_7,2,1,21.9,NA,56,84,70,6.29,33,5,0.037029,0.931963,0.894934,,Maddi_Sorrentino
240,mid,2,PR-16-2_x_WV-7-2,PR_16,2,WV_7,2,5,24.1,8.5,29,84,71,4.38,23,15,0.037029,0.931963,0.894934,,NA
239,mid,1,PR-16-2_x_WV-7-2,PR_16,2,WV_7,2,3,18.2,NA,NA,84,71.9,8.8,16,16,0.037029,0.931963,0.894934,,Steve_Keller
243,mid,2,PR-16-2_x_WV-7-2,PR_16,2,WV_7,2,3,27.5,4.9,47,84,72.2,4.87,8,35,0.037029,0.931963,0.894934,,NA
245,mid,2,PR-16-2_x_WV-7-2,PR_16,2,WV_7,2,4,24.4,8.4,68,83,77.1,5.95,10,29,0.037029,0.931963,0.894934,,Steve_Keller
237,mid,1,PR-16-2_x_WV-7-2,PR_16,2,WV_7,2,3,18.2,NA,NA,84,82.7,5.49,17,32,0.037029,0.931963,0.894934,,NA
236,mid,1,PR-16-2_x_WV-7-2,PR_16,2,WV_7,2,6,17.8,NA,73,84,88.5,7.22,29,0,0.037029,0.931963,0.894934,,Steve_Keller
206,end,2,PR-19-2_x_CO-19-1,PR_19,2,CO_19,1,2,10.7,6.1,NA,71,49,4.54,8,37,NA,0.488514,NA,,Keith
205,end,2,PR-19-2_x_CO-19-1,PR_19,2,CO_19,1,2,10.7,6.1,NA,84,54.6,4.38,14,11,NA,0.488514,NA,,Steve_Keller
204,end,2,PR-19-2_x_CO-19-1,PR_19,2,CO_19,1,5,16.7,4.9,47,84,62.8,4.72,0,18,NA,0.488514,NA,dam K1s from pop too spread out,NA
250,mid,2,PR-2-1_x_WV-8-2,PR_2,1,WV_8,2,2,14.4,7.1,54,84,58.2,4.53,19,11,NA,NA,NA,,Steve_Keller
249,end,2,PR-2-1_x_WV-8-2,PR_2,1,WV_8,2,4,16.9,4.7,53,84,60.6,3.99,4,21,NA,NA,NA,,Maddi_Sorrentino
253,end,2,PR-2-1_x_WV-8-2,PR_2,1,WV_8,2,6,20.4,NA,NA,85,65,4.27,11,16,NA,NA,NA,,Ashlee_Nowell
254,mid,2,PR-2-1_x_WV-8-2,PR_2,1,WV_8,2,1,12,7.1,NA,85,65.1,4.78,13,10,NA,NA,NA,,Keith
251,end,2,PR-2-1_x_WV-8-2,PR_2,1,WV_8,2,3,15.9,7.4,56,85,71.6,4.86,13,12,NA,NA,NA,,Ashlee_Nowell
252,end,2,PR-2-1_x_WV-8-2,PR_2,1,WV_8,2,5,17.7,5.4,77,84,78.8,4.95,19,9,NA,NA,NA,,Ashlee_Nowell
256,mid,1,RM-53-1B_x_CO-2-1,RM_53,1B,CO_2,1,5,18.2,NA,NA,84,57,4.93,12,18,0.029463769,0.32804,0.298576231,,Steve_Keller
261,end,2,RM-53-1B_x_CO-2-1,RM_53,1B,CO_2,1,6,NA,NA,NA,71,57.6,4.86,9,17,0.029463769,0.32804,0.298576231,,NA
257,mid,2,RM-53-1B_x_CO-2-1,RM_53,1B,CO_2,1,3,NA,NA,49,83,58,4.42,3,24,0.029463769,0.32804,0.298576231,,Steve_Keller
259,end,2,RM-53-1B_x_CO-2-1,RM_53,1B,CO_2,1,4,NA,NA,NA,71,62,5.31,5,21,0.029463769,0.32804,0.298576231,,Jane
255,mid,1,RM-53-1B_x_CO-2-1,RM_53,1B,CO_2,1,1,NA,NA,56,84,68.2,5.02,22,11,0.029463769,0.32804,0.298576231,damK1 is average of pop,Steve_Keller
262,end,2,RM-53-1B_x_CO-2-1,RM_53,1B,CO_2,1,2,NA,NA,NA,71,74.8,5.4,19,14,0.029463769,0.32804,0.298576231,,NA
260,mid,2,RM-53-1B_x_CO-2-1,RM_53,1B,CO_2,1,2,NA,NA,NA,83,77.6,5.86,12,9,0.029463769,0.32804,0.298576231,,Keith
258,end,2,RM-53-1B_x_CO-2-1,RM_53,1B,CO_2,1,1,NA,NA,59,84,79.4,5.25,4,27,0.029463769,0.32804,0.298576231,,Ashlee_Nowell
263,end,2,RM-53-1B_x_CO-2-1,RM_53,1B,CO_2,1,3,NA,NA,NA,71,81.4,5.57,14,11,0.029463769,0.32804,0.298576231,,NA
267,mid,1,RM-54-2_x_MP-7-1,RM_54,2,MP_7,1,2,12.8,NA,NA,84,47.2,4.66,4,18,0.00001,0.59711,0.5971,,Steve_Keller
264,mid,1,RM-54-2_x_MP-7-1,RM_54,2,MP_7,1,1,14.3,NA,48,84,51.2,5.17,17,7,0.00001,0.59711,0.5971,,Ashlee_Nowell
266,mid,1,RM-54-2_x_MP-7-1,RM_54,2,MP_7,1,5,17,NA,82,84,51.5,8.2,6,0,0.00001,0.59711,0.5971,,NA
271,mid,2,RM-54-2_x_MP-7-1,RM_54,2,MP_7,1,3,17.9,9.7,NA,85,52.3,3.7,7,15,0.00001,0.59711,0.5971,,Keith
268,mid,1,RM-54-2_x_MP-7-1,RM_54,2,MP_7,1,3,18,NA,NA,84,52.3,4.44,30,10,0.00001,0.59711,0.5971,,Steve_Keller
272,mid,1,RM-54-2_x_MP-7-1,RM_54,2,MP_7,1,4,16.1,5.4,NA,85,57.5,4.15,6,12,0.00001,0.59711,0.5971,,Keith
273,mid,2,RM-54-2_x_MP-7-1,RM_54,2,MP_7,1,6,21.9,6.6,NA,85,57.5,4.73,10,16,0.00001,0.59711,0.5971,,Keith
265,mid,1,RM-54-2_x_MP-7-1,RM_54,2,MP_7,1,4,NA,NA,58,84,61.8,3.78,12,5,0.00001,0.59711,0.5971,,Ashlee_Nowell
270,end,2,RM-54-2_x_MP-7-1,RM_54,2,MP_7,1,6,NA,NA,54,71,64.5,5.29,12,4,0.00001,0.59711,0.5971,,NA
274,mid,2,RM-54-2_x_MP-7-1,RM_54,2,MP_7,1,5,23.1,7.1,NA,85,65.2,4.64,3,26,0.00001,0.59711,0.5971,,Keith
269,mid,2,RM-54-2_x_MP-7-1,RM_54,2,MP_7,1,2,19.2,6.1,47,84,65.2,4.99,2,22,0.00001,0.59711,0.5971,,Steve_Keller
275,mid,2,RM-54-2_x_MP-7-1,RM_54,2,MP_7,1,7,18.6,NA,NA,85,65.4,4.72,7,16,0.00001,0.59711,0.5971,,Keith
279,mid,2,SH-17-2_x_MC-1-1,SH_17,2,MC_1,1,1,11.7,6.6,39,83,51.5,4.28,14,24,0.00402,0.240463,0.236443,,Steve_Keller
281,mid,2,SH-17-2_x_MC-1-1,SH_17,2,MC_1,1,3,NA,6.3,61,84,62,4.51,29,16,0.00402,0.240463,0.236443,,Steve_Keller
284,end,2,SH-17-2_x_MC-1-1,SH_17,2,MC_1,1,1,NA,NA,NA,71,65.3,4.92,19,8,0.00402,0.240463,0.236443,,NA
282,mid,2,SH-17-2_x_MC-1-1,SH_17,2,MC_1,1,5,14.3,6.9,73,83,67.2,4.88,16,11,0.00402,0.240463,0.236443,,Steve_Keller
276,mid,1,SH-17-2_x_MC-1-1,SH_17,2,MC_1,1,5,NA,NA,61,84,70,7.57,27,2,0.00402,0.240463,0.236443,damK1 is average of pop,NA
285,end,2,SH-17-2_x_MC-1-1,SH_17,2,MC_1,1,6,NA,NA,NA,71,71.7,5.22,15,0,0.00402,0.240463,0.236443,,NA
280,mid,2,SH-17-2_x_MC-1-1,SH_17,2,MC_1,1,2,21.5,7.6,59,84,72,5.13,21,13,0.00402,0.240463,0.236443,,Steve_Keller
277,mid,1,SH-17-2_x_MC-1-1,SH_17,2,MC_1,1,2,18.8,NA,68,84,77.5,6,23,4,0.00402,0.240463,0.236443,,Steve_Keller
283,mid,2,SH-17-2_x_MC-1-1,SH_17,2,MC_1,1,4,19.9,6.1,77,83,83.4,5.82,16,2,0.00402,0.240463,0.236443,,Keith
286,end,2,SH-17-2_x_MC-1-1,SH_17,2,MC_1,1,4,NA,NA,NA,71,86.1,5.8,15,0,0.00402,0.240463,0.236443,,NA
278,mid,1,SH-17-2_x_MC-1-1,SH_17,2,MC_1,1,3,16.2,NA,70,84,91.5,4.3,9,0,0.00402,0.240463,0.236443,,NA
297,mid,2,SH-17-2_x_RM-8-2,SH_17,2,RM_8,2,3,NA,NA,NA,85,47.4,3.83,12,30,0.04028,0.02946,0.01082,,Keith
292,mid,2,SH-17-2_x_RM-8-2,SH_17,2,RM_8,2,2,17.5,5.2,44,83,51,4.22,3,41,0.04028,0.02946,0.01082,,Steve_Keller
295,end,2,SH-17-2_x_RM-8-2,SH_17,2,RM_8,2,3,NA,NA,46,71,52.5,6.47,3,31,0.04028,0.02946,0.01082,,NA
291,end,2,SH-17-2_x_RM-8-2,SH_17,2,RM_8,2,1,14,NA,39,85,53.2,3.97,0,0,0.04028,0.02946,0.01082,,Ashlee_Nowell
288,mid,1,SH-17-2_x_RM-8-2,SH_17,2,RM_8,2,5,20.5,NA,NA,84,58.2,4.98,14,25,0.04028,0.02946,0.01082,,NA
294,mid,2,SH-17-2_x_RM-8-2,SH_17,2,RM_8,2,4,21.6,3.9,46,84,58.2,5.96,9,41,0.04028,0.02946,0.01082,,Maddi_Sorrentino
296,end,2,SH-17-2_x_RM-8-2,SH_17,2,RM_8,2,2,NA,NA,NA,71,59,7.62,3,23,0.04028,0.02946,0.01082,,Jane
287,mid,1,SH-17-2_x_RM-8-2,SH_17,2,RM_8,2,8,NA,NA,NA,84,59.5,5.93,3,18,0.04028,0.02946,0.01082,both k1s are avg of pop,Maddi_Sorrentino
293,mid,2,SH-17-2_x_RM-8-2,SH_17,2,RM_8,2,5,NA,NA,46,83,63.5,4.45,1,32,0.04028,0.02946,0.01082,,Keith
289,mid,1,SH-17-2_x_RM-8-2,SH_17,2,RM_8,2,1,12.3,NA,NA,84,64,6.14,9,14,0.04028,0.02946,0.01082,,NA
290,mid,1,SH-17-2_x_RM-8-2,SH_17,2,RM_8,2,4,NA,NA,NA,84,74.3,4.75,13,14,0.04028,0.02946,0.01082,,NA
302,end,2,SP-16-2_x_WV-8-2,SP_16,2,WV_8,2,4,23.7,12.3,NA,84,63.7,5.13,5,17,NA,NA,NA,,Steve_Keller
300,mid,1,SP-16-2_x_WV-8-2,SP_16,2,WV_8,2,2,13.1,NA,NA,84,65.5,4.8,10,10,NA,NA,NA,,NA
299,mid,1,SP-16-2_x_WV-8-2,SP_16,2,WV_8,2,3,11.7,NA,NA,84,71.6,5.85,3,11,NA,NA,NA,,Steve_Keller
298,end,1,SP-16-2_x_WV-8-2,SP_16,2,WV_8,2,5,13.6,NA,NA,85,77.4,5.16,7,9,NA,NA,NA,,Maddi_Sorrentino
301,end,2,SP-16-2_x_WV-8-2,SP_16,2,WV_8,2,1,NA,NA,NA,71,100,6.33,6,14,NA,NA,NA,,Jane
308,end,2,SP-20-2_x_CO-2-1,SP_20,2,CO_2,1,1,8.9,NA,NA,71,65,4.71,10,0,0.485306,0.32804,0.157266,,Jane
306,end,2,SP-20-2_x_CO-2-1,SP_20,2,CO_2,1,2,24.1,5.4,59,84,67,4.99,27,17,0.485306,0.32804,0.157266,,Maddi_Sorrentino
303,mid,1,SP-20-2_x_CO-2-1,SP_20,2,CO_2,1,3,NA,NA,54,84,67.4,6.13,24,10,0.485306,0.32804,0.157266,,Maddi_Sorrentino
307,mid,2,SP-20-2_x_CO-2-1,SP_20,2,CO_2,1,1,17,8.3,75,83,71.1,5.88,26,1,0.485306,0.32804,0.157266,,Maddi_Sorrentino
305,mid,1,SP-20-2_x_CO-2-1,SP_20,2,CO_2,1,4,19.5,NA,NA,84,75,7.89,35,2,0.485306,0.32804,0.157266,,NA
310,end,2,SP-20-2_x_CO-2-1,SP_20,2,CO_2,1,5,NA,NA,NA,71,78.2,5.46,22,21,0.485306,0.32804,0.157266,,NA
304,mid,1,SP-20-2_x_CO-2-1,SP_20,2,CO_2,1,2,NA,NA,61,84,78.3,5.08,37,3,0.485306,0.32804,0.157266,,Ashlee_Nowell
309,mid,2,SP-20-2_x_CO-2-1,SP_20,2,CO_2,1,3,24,8.6,NA,85,81.7,5.05,7,17,0.485306,0.32804,0.157266,,Keith
317,end,2,SP-4B-2_x_RM-8-2,SP_4B,2,RM_8,2,3,14.1,NA,47,84,41.3,4.41,4,35,0.629166,0.02946,0.599706,,Ashlee_Nowell
320,end,2,SP-4B-2_x_RM-8-2,SP_4B,2,RM_8,2,2,21.5,9.1,59,85,50,3.77,25,17,0.629166,0.02946,0.599706,,Maddi_Sorrentino
319,end,2,SP-4B-2_x_RM-8-2,SP_4B,2,RM_8,2,3,19.6,6,47,71,52.2,5.45,16,4,0.629166,0.02946,0.599706,,NA
318,mid,2,SP-4B-2_x_RM-8-2,SP_4B,2,RM_8,2,4,20.6,6.6,47,83,58.2,4.51,2,23,0.629166,0.02946,0.599706,,Keith
316,mid,2,SP-4B-2_x_RM-8-2,SP_4B,2,RM_8,2,1,18.7,5.3,42,83,58.4,5.26,7,28,0.629166,0.02946,0.599706,,Maddi_Sorrentino
315,mid,1,SP-4B-2_x_RM-8-2,SP_4B,2,RM_8,2,2,14.6,NA,NA,84,59.5,7.16,10,17,0.629166,0.02946,0.599706,,NA
314,mid,1,SP-4B-2_x_RM-8-2,SP_4B,2,RM_8,2,4,16.4,NA,NA,84,65.5,5.22,14,11,0.629166,0.02946,0.599706,,Maddi_Sorrentino
311,mid,1,SP-4B-2_x_RM-8-2,SP_4B,2,RM_8,2,5,9.8,NA,54,84,66.3,4.39,16,8,0.629166,0.02946,0.599706,,Steve_Keller
312,mid,1,SP-4B-2_x_RM-8-2,SP_4B,2,RM_8,2,6,15.1,NA,54,84,67,5.08,16,14,0.629166,0.02946,0.599706,,Steve_Keller
313,mid,1,SP-4B-2_x_RM-8-2,SP_4B,2,RM_8,2,1,NA,NA,NA,84,83.1,4.14,7,22,0.629166,0.02946,0.599706,,Ashlee_Nowell
326,end,2,WR-21B-1_x_CO-11-1,WR_21B,1,CO_11,1,6,17.6,6.8,63,84,58.8,5.92,19,4,0.537037,0.388853,0.148184,,Ashlee_Nowell
324,mid,2,WR-21B-1_x_CO-11-1,WR_21B,1,CO_11,1,3,21.5,8.2,47,83,60.3,8.3,19,26,0.537037,0.388853,0.148184,,Keith
331,end,2,WR-21B-1_x_CO-11-1,WR_21B,1,CO_11,1,5,12.3,NA,NA,71,65.6,7.08,17,0,0.537037,0.388853,0.148184,,NA
325,mid,2,WR-21B-1_x_CO-11-1,WR_21B,1,CO_11,1,2,17.3,5.2,56,83,70.1,5.69,12,20,0.537037,0.388853,0.148184,,Keith
322,mid,1,WR-21B-1_x_CO-11-1,WR_21B,1,CO_11,1,3,19.3,NA,61,84,70.2,6.11,24,4,0.537037,0.388853,0.148184,,Steve_Keller
323,mid,1,WR-21B-1_x_CO-11-1,WR_21B,1,CO_11,1,4,NA,NA,63,84,70.9,3.38,25,0,0.537037,0.388853,0.148184,,Ashlee_Nowell
327,mid,2,WR-21B-1_x_CO-11-1,WR_21B,1,CO_11,1,5,20.7,6.9,63,84,72.4,5.56,18,18,0.537037,0.388853,0.148184,,Ashlee_Nowell
328,mid,2,WR-21B-1_x_CO-11-1,WR_21B,1,CO_11,1,4,20,6.2,73,84,73.2,5.38,33,7,0.537037,0.388853,0.148184,,Steve_Keller
330,mid,2,WR-21B-1_x_CO-11-1,WR_21B,1,CO_11,1,1,20.7,5.3,NA,83,81.2,5.78,22,6,0.537037,0.388853,0.148184,,Keith
321,mid,1,WR-21B-1_x_CO-11-1,WR_21B,1,CO_11,1,1,21,NA,54,84,95,5.44,29,10,0.537037,0.388853,0.148184,,Steve_Keller
329,end,2,WR-21B-1_x_CO-11-1,WR_21B,1,CO_11,1,2,14.5,NA,NA,71,NA,NA,NA,NA,0.537037,0.388853,0.148184,,Jane
335,end,2,WR-21B_x_MP-2-2,WR_21B,1B,MP_2,2,4,17.4,8.4,66,71,54.8,5.84,3,22,0.537037,0.99999,0.462953,,NA
334,end,2,WR-21B_x_MP-2-2,WR_21B,1B,MP_2,2,4,17.4,8.4,66,84,58.7,4.68,10,3,0.537037,0.99999,0.462953,,Ashlee_Nowell
338,end,2,WR-21B_x_MP-2-2,WR_21B,1B,MP_2,2,3,16.8,6.7,73,71,60.6,5.85,13,2,0.537037,0.99999,0.462953,,NA
341,NA,NA,WR-21B_x_MP-2-2,WR_21B,1B,MP_2,2,5,NA,NA,NA,71,65,5.85,10,20,0.537037,0.99999,0.462953,,Jane
337,end,2,WR-21B_x_MP-2-2,WR_21B,1B,MP_2,2,3,NA,6.7,73,84,66,4.67,12,0,0.537037,0.99999,0.462953,,Steve_Keller
333,mid,2,WR-21B_x_MP-2-2,WR_21B,1B,MP_2,2,1,NA,8.4,53,83,69.2,5.39,9,14,0.537037,0.99999,0.462953,,Keith
342,mid,2,WR-21B_x_MP-2-2,WR_21B,1B,MP_2,2,2,19,6.8,NA,85,69.5,4.49,7,3,0.537037,0.99999,0.462953,,Keith
339,mid,2,WR-21B_x_MP-2-2,WR_21B,1B,MP_2,2,6,19.9,5.6,75,83,69.5,5.79,13,15,0.537037,0.99999,0.462953,,Steve_Keller
340,end,2,WR-21B_x_MP-2-2,WR_21B,1B,MP_2,2,2,NA,NA,82,71,70,5.29,17,3,0.537037,0.99999,0.462953,,Jane
336,end,2,WR-21B_x_MP-2-2,WR_21B,1B,MP_2,2,5,19.4,4.8,73,84,72.1,5.66,7,8,0.537037,0.99999,0.462953,,Ashlee_Nowell
343,end,2,WR-21B_x_MP-2-2,WR_21B,1B,MP_2,2,6,NA,NA,NA,71,73.4,6.53,11,13,0.537037,0.99999,0.462953,,NA
332,mid,1,WR-21B_x_MP-2-2,WR_21B,1B,MP_2,2,1,NA,NA,NA,84,NA,NA,NA,NA,0.537037,0.99999,0.462953,,NA
344,mid,2,WR-4-2_x_MP-12-1,WR_4,2,MP_12,1,7,NA,NA,NA,83,72.3,6.18,17,14,0.509413,0.806722,0.297309,sirek1s are average of pop,Keith
347,end,1,WR-Y-2_x_MP-12-1,WR_Y,2,MP_12,1,4,17.6,NA,NA,85,62.5,4.19,17,6,0.532284,0.806722,0.274438,,Maddi_Sorrentino
349,mid,2,WR-Y-2_x_MP-12-1,WR_Y,2,MP_12,1,2,23.1,6.4,46,83,62.9,5.64,5,28,0.532284,0.806722,0.274438,,Keith
345,mid,1,WR-Y-2_x_MP-12-1,WR_Y,2,MP_12,1,1,12,NA,54,84,63.8,3.86,11,6,0.532284,0.806722,0.274438,,Ashlee_Nowell
350,end,2,WR-Y-2_x_MP-12-1,WR_Y,2,MP_12,1,2,NA,NA,47,71,70.1,5.08,17,3,0.532284,0.806722,0.274438,,NA
352,mid,2,WR-Y-2_x_MP-12-1,WR_Y,2,MP_12,1,3,21.4,7.2,56,83,72.4,4.5,22,6,0.532284,0.806722,0.274438,,Steve_Keller
348,mid,1,WR-Y-2_x_MP-12-1,WR_Y,2,MP_12,1,3,12.5,NA,NA,84,72.5,6.79,23,4,0.532284,0.806722,0.274438,,NA
351,end,2,WR-Y-2_x_MP-12-1,WR_Y,2,MP_12,1,5,NA,NA,53,71,72.8,4.91,31,4,0.532284,0.806722,0.274438,,NA
346,mid,1,WR-Y-2_x_MP-12-1,WR_Y,2,MP_12,1,4,NA,NA,56,84,74.1,4.99,21,5,0.532284,0.806722,0.274438,,Ashlee_Nowell
354,mid,2,WR-Y-2_x_MP-12-1,WR_Y,2,MP_12,1,5,20.5,4.8,NA,85,90.3,4.91,5,18,0.532284,0.806722,0.274438,,Keith
353,end,2,WR-Y-2_x_MP-12-1,WR_Y,2,MP_12,1,6,21.8,6.4,63,85,93.8,4.64,22,11,0.532284,0.806722,0.274438,,Ashlee_Nowell
361,end,2,WV-3-2_x_CO-11-1,WV_3,2,CO_11,1,3,NA,NA,84,85,51.3,4.3,3,,0.8723554,0.388853,0.4835024,,Maddi_Sorrentino
359,end,2,WV-3-2_x_CO-11-1,WV_3,2,CO_11,1,6,5.9,6.3,82,85,56.3,4.47,34,4,0.8723554,0.388853,0.4835024,,Ashlee_Nowell
360,end,2,WV-3-2_x_CO-11-1,WV_3,2,CO_11,1,6,5.9,6.3,82,71,60.2,5.65,42,3,0.8723554,0.388853,0.4835024,,NA
362,end,2,WV-3-2_x_CO-11-1,WV_3,2,CO_11,1,5,15.1,7.3,NA,85,68.2,5.33,17,1,0.8723554,0.388853,0.4835024,,Ashlee_Nowell
355,end,1,WV-3-2_x_CO-11-1,WV_3,2,CO_11,1,4,25.2,NA,61,85,70.5,5.4,54,2,0.8723554,0.388853,0.4835024,damK1 is average of pop,Maddi_Sorrentino
363,mid,2,WV-3-2_x_CO-11-1,WV_3,2,CO_11,1,2,25.4,7.3,NA,85,72.8,6.61,29,1,0.8723554,0.388853,0.4835024,,Keith
364,mid,2,WV-3-2_x_CO-11-1,WV_3,2,CO_11,1,4,20.3,7.3,NA,84,80,6.83,30,1,0.8723554,0.388853,0.4835024,,Steve_Keller
356,mid,1,WV-3-2_x_CO-11-1,WV_3,2,CO_11,1,1,NA,NA,NA,84,80.3,3.25,1,0,0.8723554,0.388853,0.4835024,,Ashlee_Nowell
365,end,2,WV-3-2_x_CO-11-1,WV_3,2,CO_11,1,5,15.1,7.3,NA,71,87.2,5.98,25,0,0.8723554,0.388853,0.4835024,,NA
358,mid,1,WV-3-2_x_CO-11-1,WV_3,2,CO_11,1,3,18.1,NA,NA,84,89,6.06,33,0,0.8723554,0.388853,0.4835024,,NA
357,mid,1,WV-3-2_x_CO-11-1,WV_3,2,CO_11,1,2,18,NA,NA,84,93.7,6.02,17,0,0.8723554,0.388853,0.4835024,,Steve_Keller
370,end,2,WV-3-2_x_FL-9-2,WV_3,2,FL_9,2,2,19.7,8.2,63,85,47.3,5.89,15,14,0.8723554,0.23906,0.6332954,,Ashlee_Nowell
368,end,2,WV-3-2_x_FL-9-2,WV_3,2,FL_9,2,1,12.7,7.3,61,85,58.6,5.95,17,8,0.8723554,0.23906,0.6332954,,Ashlee_Nowell
373,end,2,WV-3-2_x_FL-9-2,WV_3,2,FL_9,2,3,22.2,8.4,68,71,64.1,4.26,30,0,0.8723554,0.23906,0.6332954,,NA
366,mid,1,WV-3-2_x_FL-9-2,WV_3,2,FL_9,2,5,15.9,NA,77,84,64.3,4.98,15,0,0.8723554,0.23906,0.6332954,damK1 is average of pop,Steve_Keller
372,end,2,WV-3-2_x_FL-9-2,WV_3,2,FL_9,2,3,22.2,8.4,68,84,65.6,5.69,30,6,0.8723554,0.23906,0.6332954,,Ashlee_Nowell
371,end,2,WV-3-2_x_FL-9-2,WV_3,2,FL_9,2,2,19.7,8.2,63,71,68.5,6.1,18,2,0.8723554,0.23906,0.6332954,,NA
375,end,2,WV-3-2_x_FL-9-2,WV_3,2,FL_9,2,4,21.9,4.4,73,71,69,5.87,22,0,0.8723554,0.23906,0.6332954,,Jane
376,mid,2,WV-3-2_x_FL-9-2,WV_3,2,FL_9,2,5,19,6.4,73,84,69.6,4.96,25,5,0.8723554,0.23906,0.6332954,,Steve_Keller
374,end,2,WV-3-2_x_FL-9-2,WV_3,2,FL_9,2,4,21.9,4.4,73,85,72.6,5.23,31,10,0.8723554,0.23906,0.6332954,,Ashlee_Nowell
369,end,2,WV-3-2_x_FL-9-2,WV_3,2,FL_9,2,1,12.7,7.3,61,71,80,5.58,22,0,0.8723554,0.23906,0.6332954,,Jane
367,mid,1,WV-3-2_x_FL-9-2,WV_3,2,FL_9,2,6,NA,NA,NA,84,84.7,7.23,18,0,0.8723554,0.23906,0.6332954,,Steve_Keller
385,mid,2,WV-8-2_x_JF-25-1,WV_8,2,JF_25,1,4,14.4,6,66,85,52.7,4.71,8,5,NA,0.99999,NA,,Ashlee_Nowell
383,end,2,WV-8-2_x_JF-25-1,WV_8,2,JF_25,1,1,14.8,7.3,61,85,56.9,3.72,22,7,NA,0.99999,NA,,Ashlee_Nowell
387,mid,2,WV-8-2_x_JF-25-1,WV_8,2,JF_25,1,3,16.8,4.9,NA,85,62.2,4.9,8,15,NA,0.99999,NA,,Keith
381,end,1,WV-8-2_x_JF-25-1,WV_8,2,JF_25,1,6,10.8,NA,NA,85,68,4.87,17,0,NA,0.99999,NA,,Maddi_Sorrentino
377,mid,1,WV-8-2_x_JF-25-1,WV_8,2,JF_25,1,6,NA,NA,60,84,69.4,4.74,10,1,NA,0.99999,NA,dam K1s from pop too spread out,Maddi_Sorrentino
386,mid,2,WV-8-2_x_JF-25-1,WV_8,2,JF_25,1,2,15.8,5.6,68,84,70.4,4.28,15,7,NA,0.99999,NA,,Steve_Keller
388,end,2,WV-8-2_x_JF-25-1,WV_8,2,JF_25,1,2,NA,NA,NA,71,71.3,3.92,15,2,NA,0.99999,NA,,NA
384,mid,2,WV-8-2_x_JF-25-1,WV_8,2,JF_25,1,5,15.6,6.4,61,83,74.5,6.9,10,6,NA,0.99999,NA,,Steve_Keller
380,mid,1,WV-8-2_x_JF-25-1,WV_8,2,JF_25,1,4,NA,NA,NA,84,76.1,4.07,4,12,NA,0.99999,NA,,Ashlee_Nowell
379,mid,1,WV-8-2_x_JF-25-1,WV_8,2,JF_25,1,3,10.9,NA,68,84,81.7,4.35,14,0,NA,0.99999,NA,,Steve_Keller
382,mid,1,WV-8-2_x_JF-25-1,WV_8,2,JF_25,1,1,9,NA,NA,84,82,3.93,5,0,NA,0.99999,NA,,Steve_Keller
378,mid,1,WV-8-2_x_JF-25-1,WV_8,2,JF_25,1,5,18.4,NA,61,84,85.2,6.3,23,1,NA,0.99999,NA,,Steve_Keller
